"ssn","zip_code","fico","num_late","past_def","num_bankruptcy"
100091104,65823,816,0,0,0
100321883,52197,687,0,0,0
101091399,71870,721,0,0,0
101458458,16217,560,1,0,0
101754201,80303,638,0,0,0
101819983,95909,424,3,2,2
101927311,80491,822,1,0,0
102203310,40025,670,0,0,0
102318456,28759,536,2,0,0
102698237,10355,832,3,0,0
102819663,85254,582,1,0,0
102942124,12556,745,1,0,0
103217078,62744,373,5,2,1
103226231,74225,768,1,0,0
103833631,74212,813,3,0,0
103894240,29702,562,0,0,0
104021247,46342,624,2,0,0
104544183,75322,530,3,0,0
104902361,92424,597,1,0,0
105454682,97413,681,0,0,0
105625899,64460,307,1,1,3
107139605,31867,702,0,0,0
107899600,92091,546,1,1,1
107928385,25703,710,0,0,0
108100559,32024,826,2,0,0
108342108,78806,631,1,0,0
108387720,89005,833,2,0,0
108551469,49832,560,2,1,2
109226677,97338,501,2,2,1
109518610,44009,813,0,0,0
109719947,48647,805,4,0,0
110896452,28906,765,0,0,0
111637670,25991,571,1,0,0
112026681,97286,556,0,0,0
112479781,81446,679,1,1,1
112502127,63173,632,0,0,0
112529161,75133,803,0,0,0
113157370,56389,783,2,0,0
113169870,90011,608,5,1,1
113387263,34725,671,0,0,0
113841331,34789,868,2,0,0
114004570,46114,379,5,1,1
114279079,72265,890,0,0,0
114598416,98439,860,0,0,0
114929129,19953,644,0,0,0
115102384,77123,871,1,0,0
115175276,89687,500,1,1,1
115225829,87716,363,3,1,2
115251910,23176,652,0,0,0
115311578,23635,408,2,1,2
115771425,62606,876,0,0,0
115820266,59895,625,0,0,0
115994183,86567,437,1,1,1
116406309,64671,832,2,0,0
116821244,46487,790,0,0,0
117135857,23582,750,1,0,0
117659677,37102,564,0,0,0
117739886,55033,738,3,0,0
117757061,36322,717,1,0,0
118368220,87551,706,0,0,0
118399252,93310,711,0,0,0
118698376,38657,751,0,0,0
118700453,99364,495,1,2,2
119214735,76943,663,5,0,0
119284411,97959,794,1,0,0
119558073,96196,585,0,0,0
119931426,91073,351,1,2,2
120404907,56036,680,1,0,0
120609220,86888,575,0,0,0
120698340,92228,833,2,0,0
120828656,21182,866,0,0,0
121072109,21857,623,1,0,0
121118289,20293,756,1,0,0
121371203,33530,818,2,0,0
121555448,37515,392,1,1,2
121573429,21728,780,4,0,0
121804809,83233,727,1,0,0
121844912,77213,722,0,0,0
122077664,19748,727,3,0,0
122508856,17209,691,3,0,0
122817991,58813,588,0,0,0
123270706,90808,825,0,0,0
123817237,49020,427,3,1,1
124249214,22027,584,0,0,0
124290268,55136,767,0,0,0
124363325,40484,870,0,0,0
124754707,35896,793,1,0,0
124860189,68302,605,1,0,0
124909303,75486,560,3,0,0
125120533,52619,823,0,0,0
125543461,57231,694,0,0,0
125755411,10723,846,0,0,0
126077181,28625,595,0,0,0
126676131,17090,569,0,0,0
127003001,15857,602,1,0,0
127080001,41396,603,5,0,0
127132479,18183,681,0,0,0
127313708,50911,460,1,1,1
127737795,78188,886,0,0,0
127869147,61662,557,3,1,1
128110287,36311,528,2,1,1
128529016,82079,750,0,0,0
128694096,91056,829,0,0,0
128803450,58913,690,0,0,0
129365981,97279,692,0,0,0
129492339,89898,628,3,1,1
129951186,23233,820,0,0,0
130339244,22915,769,0,0,0
130567820,61332,872,0,0,0
130695544,86092,686,0,0,0
130704827,17384,706,2,1,1
131961114,94306,542,3,0,0
132687746,73912,788,0,0,0
132744232,32989,807,2,0,0
133443699,28276,825,2,0,0
133467251,82415,622,0,0,0
133579077,18677,823,0,0,0
133820431,89074,601,0,0,0
134336138,51392,760,1,0,0
134724649,35521,570,0,0,0
135691875,79102,742,4,0,0
135803525,36293,832,2,0,0
135895391,70632,791,0,0,0
136385140,61765,893,0,0,0
136905938,63071,783,1,0,0
136952597,85585,720,0,0,0
137484904,61550,624,0,0,0
137567802,73160,567,1,1,1
137604503,92059,734,0,0,0
137933962,64159,571,5,2,1
138129284,56972,821,1,0,0
138159135,14490,586,2,0,0
138425815,91625,627,0,0,0
138581503,45005,893,0,0,0
138949061,96259,402,1,1,1
139271507,76623,707,0,0,0
139694100,77121,803,5,0,0
140235963,73002,720,1,0,0
140357066,84492,816,0,0,0
140425516,50869,544,1,1,1
140510842,17888,650,0,0,0
140511003,70761,662,0,0,0
140616553,16218,857,1,0,0
140868939,13166,681,0,0,0
141210025,61780,704,0,0,0
141962480,95533,755,4,0,0
142318486,26163,858,2,0,0
142811658,83328,728,0,0,0
143494600,88926,721,1,0,0
144322884,56697,581,1,0,0
144864014,55280,625,0,0,0
145124180,37089,608,0,0,0
145163913,92487,692,1,0,0
145214396,84823,650,1,0,0
145628248,32005,552,0,0,0
145660070,61955,373,3,1,2
145679708,61137,708,0,0,0
145734352,46047,542,3,0,0
145758225,41740,893,0,0,0
145828542,76712,731,0,0,0
145832321,13917,874,0,0,0
145859708,10039,738,2,0,0
146948956,70052,632,1,0,0
147260104,90586,510,1,1,1
147282245,24883,655,1,1,1
147424924,24224,545,2,0,0
147450745,50263,789,0,0,0
147798458,98506,606,1,0,0
147998137,24386,792,0,0,0
148103893,17088,564,0,0,0
149028659,45050,596,2,0,0
149144666,22284,723,2,0,0
149726188,21780,709,3,0,0
149776695,61613,678,0,0,0
150095606,69358,551,1,0,0
150294432,81793,880,0,0,0
150698820,86251,663,2,0,0
150978498,74812,564,0,0,0
151309210,16724,610,0,0,0
151455999,38467,842,2,0,0
151727621,44375,738,1,0,0
151751601,68919,727,1,0,0
151879864,30430,777,0,0,0
152150331,32728,784,0,0,0
152379422,62764,670,0,0,0
152649418,20173,761,4,0,0
153694377,33153,605,4,0,0
153886657,25219,573,1,1,1
153921830,62497,654,1,0,0
154890291,51383,866,0,0,0
155245142,94227,676,1,0,0
155419928,31985,815,0,0,0
155730860,37927,629,1,0,0
156947491,22485,600,1,1,1
157235289,35546,723,0,0,0
157487128,73393,873,0,0,0
158037912,58156,739,2,0,0
158654498,70246,727,0,0,0
159079761,38535,700,0,0,0
159165791,15944,550,0,0,0
159623252,36872,677,0,0,0
159979919,50880,732,0,0,0
160051746,91029,743,0,0,0
160453577,38893,584,1,0,0
160973400,51474,775,0,0,0
161744215,75594,809,3,0,0
161968172,28479,601,2,0,0
162184430,26653,510,3,1,1
162773513,92972,715,1,0,0
162871571,66453,657,0,0,0
163524784,19070,652,2,1,1
163699852,17401,847,1,0,0
164082576,35458,861,0,0,0
165823997,64023,879,0,0,0
165917416,13665,868,0,0,0
165963344,21351,394,1,1,1
165978966,14798,727,1,1,1
166178733,13196,656,1,0,0
166197231,27450,643,0,0,0
166324665,14876,707,0,0,0
167260511,50336,855,0,0,0
167278222,61793,831,0,0,0
167553878,57270,864,0,0,0
167973811,68964,763,1,0,0
168387609,33306,880,1,0,0
168443278,52099,728,0,0,0
168468869,79672,370,2,4,1
168508253,62422,833,0,0,0
168992823,77720,860,3,0,0
169068078,17186,715,1,0,0
169571162,33251,704,1,0,0
170348374,22856,822,0,0,0
170836063,17748,639,0,0,0
170922076,61717,651,0,0,0
170934061,80398,676,1,1,1
171167635,43847,752,0,0,0
171405300,59753,578,1,1,1
171673790,11396,531,2,0,0
172095159,72993,763,0,0,0
172632818,85319,797,2,0,0
172780713,70142,596,0,0,0
173225525,32086,561,0,0,0
173634871,73508,572,1,0,0
174171022,63178,868,0,0,0
175211023,39905,788,4,0,0
175239534,21955,579,5,0,0
175459122,91516,757,1,0,0
176649167,65716,593,0,0,0
177008913,44141,843,0,0,0
177710988,43002,879,1,0,0
177868937,14788,630,0,0,0
178307977,83272,806,1,0,0
178611231,34713,627,0,0,0
179235511,14136,557,1,0,0
179338699,83569,659,3,1,1
179344080,60535,785,0,0,0
179626072,60710,609,0,0,0
179771249,26725,447,1,1,1
180020542,85265,723,1,0,0
180169840,31224,551,2,0,0
180523307,24306,675,0,0,0
180625183,68933,618,0,0,0
181187881,59554,634,0,0,0
181252756,57897,584,0,0,0
181333987,42831,575,0,0,0
181804712,41784,840,0,0,0
182075324,50049,736,0,0,0
182759704,58174,847,1,0,0
182820610,40464,528,3,1,2
182979462,40577,703,3,0,0
183715114,17591,676,1,0,0
183861285,10453,628,2,0,0
183888771,10833,486,2,1,1
183888889,66903,554,1,0,0
184026422,71033,694,2,1,1
185378507,35173,592,3,1,1
185572211,92828,620,1,0,0
185883472,11462,646,0,0,0
186077963,70039,632,1,0,0
186368122,35579,767,1,0,0
186943474,39918,690,0,0,0
187008875,71678,644,0,0,0
187176995,61349,834,1,0,0
187413803,23710,713,0,0,0
187488436,24486,747,0,0,0
187842415,67781,346,1,1,2
188182839,29144,476,1,3,1
188266296,22637,713,0,0,0
188481915,75493,585,0,0,0
189015694,87304,651,2,0,0
189571620,31805,700,0,0,0
189609362,98308,618,0,0,0
189970978,48612,826,3,0,0
190488581,35972,893,0,0,0
190659577,78717,759,0,0,0
190740460,32127,568,0,0,0
191293373,54351,876,0,0,0
191741998,85867,881,0,0,0
191890419,16541,893,0,0,0
192333286,38055,538,2,2,1
192704936,90848,561,2,0,0
192742619,61639,693,2,0,0
193434570,62107,554,1,0,0
193790884,12510,695,1,0,0
193868961,60097,817,0,0,0
193874060,65897,731,2,0,0
194097036,21547,600,0,0,0
194169849,58214,690,1,0,0
194301672,27002,754,2,0,0
194415405,67599,462,1,1,1
194886668,97908,860,1,0,0
195002280,67635,621,1,0,0
195352304,65803,797,0,0,0
195549825,59067,643,0,0,0
196168047,22332,850,0,0,0
196318030,67925,780,1,0,0
196493668,66362,573,0,0,0
196583705,76970,717,0,0,0
196620798,87910,707,0,0,0
196700721,92926,713,0,0,0
197064536,83786,651,0,0,0
197487530,55527,849,0,0,0
197546655,39280,752,0,0,0
197696384,82709,535,3,0,0
197774181,52039,677,1,0,0
197786156,48497,638,1,1,1
198189246,50564,745,0,0,0
198192346,71857,785,1,0,0
198393428,22667,722,1,0,0
198431842,49148,785,1,0,0
198442159,90587,673,1,0,0
198667142,18643,819,0,0,0
198740277,45922,644,3,0,0
198801570,72973,820,1,0,0
198860435,75834,620,0,0,0
199655001,27188,607,2,0,0
199700663,29379,649,0,0,0
199800318,43662,709,5,0,0
199970065,89590,701,0,0,0
200213611,21073,558,3,0,0
200421549,61507,773,2,0,0
200494403,26064,805,1,0,0
200592126,63426,565,1,0,0
201499041,95818,765,0,0,0
201570429,23360,675,1,0,0
202109192,74636,862,0,0,0
202696836,33632,588,0,0,0
202739485,27801,661,5,0,0
202914771,60497,760,0,0,0
204129706,52533,804,0,0,0
204217935,17868,830,0,0,0
204536461,33892,590,1,0,0
205353880,66836,723,0,0,0
205614188,47228,820,0,0,0
206023565,69179,758,0,0,0
206127195,21651,620,1,0,0
206695603,36605,441,2,1,1
206698170,69349,816,0,0,0
207269568,70984,564,1,0,0
207485942,68767,712,0,0,0
207546192,85022,884,0,0,0
207693494,82740,307,1,2,3
207967437,87056,825,0,0,0
207983821,62365,653,0,0,0
208063972,34205,881,0,0,0
208260072,72325,873,0,0,0
208274724,82528,849,0,0,0
208281824,55485,727,0,0,0
208325500,39982,787,0,0,0
208383548,31630,865,0,0,0
209194424,23859,610,2,0,0
209564461,97538,615,0,0,0
209794021,80297,791,1,0,0
209870741,57280,774,0,0,0
210389379,19703,654,0,0,0
210637660,25748,642,3,2,1
210846759,43298,847,1,0,0
210882711,28771,815,0,0,0
210882962,32908,583,1,1,1
211189729,42197,421,1,1,2
211506893,97349,654,0,0,0
212323167,10468,811,0,0,0
212549700,21903,648,0,0,0
212878467,86484,865,0,0,0
213264023,54961,553,0,0,0
213309150,82789,605,1,0,0
213335380,66471,764,2,0,0
213426579,14195,780,0,0,0
214428752,39068,726,2,0,0
214613025,45436,708,1,0,0
214741051,69634,655,1,0,0
214808506,13428,688,0,0,0
215523006,22583,706,0,0,0
215849031,95662,657,0,0,0
216318614,80616,608,0,0,0
216378427,72295,680,0,0,0
216406879,75135,358,3,3,1
216446069,29769,785,3,0,0
216467065,58660,593,0,0,0
216837074,46997,507,5,0,0
217035649,67828,655,3,0,0
217131306,87998,809,0,0,0
217202565,23098,893,0,0,0
217346843,40824,802,0,0,0
217945542,97436,586,0,0,0
217949577,40651,638,0,0,0
218304501,34217,646,1,0,0
218630224,41493,552,0,0,0
218685982,90102,797,0,0,0
218718616,62959,795,0,0,0
218809437,42808,620,0,0,0
218873448,55975,860,0,0,0
218907536,59231,683,0,0,0
219081462,65658,541,2,0,0
219688341,97602,722,0,0,0
219869613,92161,840,0,0,0
219907004,70635,856,0,0,0
220469543,59464,706,0,0,0
220948180,38167,672,0,0,0
221028401,48830,631,0,0,0
221055158,96726,634,1,0,0
221238559,74579,581,1,0,0
221406480,51513,836,0,0,0
221707724,98093,494,1,1,1
221867965,62890,827,3,0,0
221900265,63331,559,4,1,1
222371366,48606,817,0,0,0
222413714,46580,869,0,0,0
222473702,95272,550,1,0,0
222554309,10374,580,0,0,0
222791578,56694,700,0,0,0
223235225,22553,788,0,0,0
223636737,92219,677,0,0,0
223882623,25620,613,1,0,0
224509776,21207,575,0,0,0
224962226,84913,619,0,0,0
224993573,90235,627,0,0,0
225169479,15809,582,0,0,0
225328769,64787,723,0,0,0
225489673,78598,568,2,1,1
225575924,70276,893,0,0,0
225835897,27521,738,0,0,0
226007997,45717,843,0,0,0
226418759,15933,697,0,0,0
226423543,69483,823,1,0,0
226584579,65527,728,2,1,1
226965194,59154,867,1,0,0
227230427,18266,731,1,0,0
227366325,68172,626,0,0,0
227528867,95233,849,2,0,0
227587840,95896,670,0,0,0
228827511,94080,792,3,0,0
228841450,13214,686,2,0,0
229161010,46308,599,0,0,0
229380183,73980,571,0,0,0
229425220,18100,837,1,0,0
230164657,10676,838,0,0,0
230233535,76991,699,0,0,0
230355608,75277,804,3,0,0
230804412,76474,736,0,0,0
231498668,77387,888,0,0,0
231631174,87504,720,0,0,0
231643920,97468,846,3,0,0
231743842,96243,856,2,0,0
231756628,50135,668,1,0,0
232127635,64402,784,1,0,0
232350178,87394,585,1,1,1
232952332,60704,588,4,0,0
233182455,66739,726,4,0,0
233354730,19042,721,1,0,0
233458278,97721,654,1,0,0
233775374,80353,848,0,0,0
234079494,24809,670,1,1,1
234121464,79973,758,0,0,0
234274627,39551,477,2,1,3
234501135,32813,607,0,0,0
234570470,55788,652,0,0,0
234691539,31003,779,2,0,0
235419996,64619,666,1,0,0
235578496,86470,662,0,0,0
235588772,70406,598,0,0,0
235689438,30245,715,1,0,0
235915103,16211,610,2,0,0
236021421,66210,555,0,0,0
236586903,64388,668,0,0,0
236717522,59637,562,0,0,0
236760192,57997,598,1,1,1
237025978,85510,568,0,0,0
237218430,43326,560,1,0,0
237451048,29832,859,0,0,0
237645382,87706,784,1,0,0
238283288,35399,572,2,0,0
238871300,54429,652,0,0,0
239285057,51460,828,2,0,0
239407275,99759,596,0,0,0
239416831,21253,616,0,0,0
239518070,20409,565,0,0,0
239856077,27199,781,1,0,0
240054993,35808,686,0,0,0
240443678,62827,617,1,0,0
240681488,31986,565,1,1,1
240906470,91015,623,0,0,0
241107634,86918,468,5,1,1
241121406,34323,681,1,0,0
241272169,34376,389,2,1,2
241343267,23444,574,0,0,0
241413301,83727,885,0,0,0
241753457,88065,856,0,0,0
242387152,89285,641,0,0,0
242676850,29886,888,0,0,0
243343399,36300,658,0,0,0
243355001,71593,632,1,0,0
243487202,20708,812,1,0,0
243870412,46530,816,1,0,0
244069355,91280,340,4,1,3
244084919,99562,796,0,0,0
244335432,41934,717,0,0,0
244461276,74482,698,0,0,0
245077617,94234,591,0,0,0
245118847,54101,602,3,0,0
245268245,86472,893,0,0,0
245568855,58171,736,0,0,0
246016893,65521,694,0,0,0
246709893,63615,848,0,0,0
247028793,85102,647,2,0,0
247333187,19711,682,0,0,0
247549205,11579,853,0,0,0
247838721,74910,616,1,0,0
247959638,54578,495,1,1,1
248435430,52836,703,1,0,0
248474165,74889,500,3,1,1
249438758,16862,624,2,0,0
249707898,75710,618,0,0,0
249809481,65757,716,1,0,0
249943332,15116,822,0,0,0
250041083,69497,557,0,0,0
250234120,55142,788,0,0,0
250569792,56078,890,0,0,0
250776820,34793,563,0,0,0
251181637,52418,675,0,0,0
251349345,48254,606,0,0,0
252329475,14204,714,0,0,0
252461280,97211,851,4,0,0
252686679,15299,378,4,1,1
252765744,56133,589,0,0,0
253638235,48950,738,0,0,0
253879199,48015,760,0,0,0
254081847,12401,576,1,0,0
254090883,74484,738,1,0,0
254713572,30525,772,3,0,0
254853749,49970,745,0,0,0
254996992,82231,817,1,0,0
255583466,20574,788,0,0,0
256270055,28652,797,3,0,0
256612820,53996,621,1,0,0
256987032,24786,638,1,1,1
257254980,98833,562,0,0,0
257469161,96988,440,2,1,1
257646473,70955,754,0,0,0
258393075,86347,838,0,0,0
258654048,83190,662,0,0,0
258935285,72960,749,4,0,0
260076011,98372,651,0,0,0
260358051,56956,705,1,0,0
260425114,85471,684,0,0,0
260549528,71010,711,1,0,0
260879143,35986,571,1,0,0
261075318,28371,795,0,0,0
261127902,69877,646,2,0,0
261468965,22934,893,0,0,0
262383789,66460,866,0,0,0
262417783,86884,670,0,0,0
263289648,98060,881,0,0,0
264327278,66588,610,1,0,0
264338738,71130,637,0,0,0
264808059,48251,547,1,0,0
265030669,70850,757,0,0,0
265286491,93693,689,0,0,0
265304072,72134,861,0,0,0
265564381,92767,829,0,0,0
265588645,16416,777,2,0,0
265737577,63924,598,0,0,0
265802780,81242,810,0,0,0
266995127,50004,787,0,0,0
267282004,93010,689,0,0,0
267282965,95990,881,0,0,0
267348998,20680,765,3,0,0
269714839,27595,364,1,1,2
269775737,41675,629,0,0,0
270279874,48702,572,1,0,0
270398081,24754,560,0,0,0
270434354,63096,761,3,0,0
270498329,20175,571,0,0,0
270517782,50645,722,1,1,1
270524683,27754,704,1,0,0
270843817,89798,835,2,0,0
270903515,43636,797,0,0,0
270921005,56928,616,3,0,0
271222222,51033,868,0,0,0
271246555,89336,363,2,1,3
271410207,25333,603,1,1,2
272712905,69812,665,0,0,0
273201782,30770,750,3,0,0
273270724,59574,652,0,0,0
273937933,82121,632,0,0,0
274444906,44571,618,0,0,0
274513209,50075,720,0,0,0
274583133,64400,697,0,0,0
274679337,92787,663,1,0,0
275454091,69606,787,1,0,0
275971153,79048,853,0,0,0
276337224,99038,773,0,0,0
276738516,19178,787,2,0,0
276968701,90176,589,1,0,0
277309963,75396,804,3,0,0
277440479,54916,537,2,0,0
277619259,91897,873,0,0,0
278006493,27748,594,0,0,0
278725622,71110,689,0,0,0
279262341,80692,742,0,0,0
279525861,17114,795,1,0,0
279648238,44473,856,1,0,0
280293698,48020,740,0,0,0
280788733,40241,544,5,0,0
280854829,68512,700,2,1,1
280897584,10242,760,0,0,0
281017108,30556,760,0,0,0
281196944,34399,813,1,0,0
281430526,50001,629,0,0,0
281754413,90495,421,1,1,2
282097236,19764,801,0,0,0
282097507,24651,744,0,0,0
282642254,17550,681,0,0,0
282902858,29187,780,0,0,0
283266461,95042,593,0,0,0
283278212,66010,557,1,0,0
283779781,84356,818,0,0,0
284330849,80358,646,0,0,0
284600251,77263,606,0,0,0
285178350,71351,838,1,0,0
285318025,89027,737,4,0,0
286239268,66101,667,1,0,0
286526073,50235,854,0,0,0
286972870,61914,692,2,0,0
287205552,29209,588,0,0,0
287870912,63734,551,4,2,2
288282041,44329,856,0,0,0
288550071,61530,645,5,0,0
288986134,46429,636,0,0,0
289483400,28890,851,0,0,0
289650871,37807,805,1,0,0
289694650,63716,709,0,0,0
289852853,65037,782,0,0,0
290002726,97565,640,1,0,0
290724470,80597,577,0,0,0
290804150,51430,830,0,0,0
290992320,24352,728,1,0,0
291206621,55686,645,0,0,0
291483836,26361,612,0,0,0
292306224,82262,791,0,0,0
292477727,84558,767,1,0,0
292731071,74483,655,1,0,0
292837191,43985,707,2,0,0
293546147,78425,577,0,0,0
293686608,77924,673,0,0,0
294174781,81471,731,0,0,0
294400727,92173,792,1,0,0
294516727,27730,590,0,0,0
295003041,78802,591,0,0,0
295169641,81896,519,4,1,1
295554770,32822,768,3,0,0
295618786,10984,609,0,0,0
296455934,12552,618,3,0,0
296922778,75624,786,2,0,0
297034862,91985,755,0,0,0
297650999,47651,746,1,0,0
297813695,96887,713,4,0,0
298048676,59482,635,5,0,0
298854050,88011,556,0,0,0
299116671,53342,554,3,0,0
299697288,23175,720,1,0,0
299751002,95835,421,2,1,1
299754523,55082,719,0,0,0
301026692,64709,678,2,0,0
301191451,56790,726,0,0,0
301529019,75591,363,5,5,1
301655188,18716,699,0,0,0
301945784,48281,498,1,1,1
302294966,61859,702,0,0,0
303084266,61910,670,2,0,0
303236833,43294,512,4,0,0
303321717,81225,708,0,0,0
303333585,46267,659,0,0,0
304083213,60366,811,1,0,0
305673761,50556,786,0,0,0
305801017,90595,652,0,0,0
305904449,84550,599,2,0,0
306108864,94113,584,1,0,0
306577187,89233,831,1,0,0
307893899,86741,820,2,0,0
307985466,56087,582,0,0,0
308071256,26908,406,1,1,1
308430885,28100,572,0,0,0
308580670,45022,675,2,0,0
308878069,89583,589,0,0,0
309910327,23014,674,0,0,0
309967155,43731,566,1,1,1
310000333,43589,679,0,0,0
310468104,63444,585,0,0,0
310598486,54309,307,1,1,3
310747964,75352,659,0,0,0
310908527,76562,791,0,0,0
311090936,29444,307,2,1,2
311268687,64266,856,1,0,0
311363703,36397,732,0,0,0
311839441,69702,567,1,0,0
311959710,91682,612,0,0,0
312207153,59192,685,4,1,1
312282824,14322,611,0,0,0
312679718,92819,632,3,0,0
312924514,35988,562,5,0,0
313167143,78357,663,0,0,0
313188087,62432,850,0,0,0
313407230,88309,457,1,1,1
313629949,31214,709,2,0,0
314023906,86586,873,1,0,0
314118410,18697,815,3,0,0
314498415,24646,667,0,0,0
314552136,34813,875,0,0,0
314656038,61728,872,0,0,0
315063222,20258,698,2,1,1
315241251,67114,631,1,0,0
315680889,93549,690,0,0,0
315709039,17672,749,0,0,0
315767852,18012,768,0,0,0
315803323,36791,750,1,0,0
316268171,90529,728,0,0,0
316304455,53694,458,5,1,1
316440440,62644,701,0,0,0
316708916,57722,631,0,0,0
316774329,59234,677,0,0,0
316910943,66011,469,2,2,3
318396413,77566,570,0,0,0
318596006,79909,582,2,3,1
319006441,48190,367,1,1,2
319459202,83556,554,2,0,0
319819528,81900,561,0,0,0
319831644,83847,552,2,0,0
319885209,33585,826,0,0,0
320102985,43829,676,1,1,1
320384668,96577,667,0,0,0
320536760,78395,576,0,0,0
321043897,74270,672,0,0,0
321275256,79957,551,1,0,0
322099062,77562,640,0,0,0
323077242,77224,643,0,0,0
323446978,22611,600,0,0,0
324046805,67876,532,3,0,0
324181091,31568,612,5,0,0
324598029,60127,740,4,0,0
325127165,60045,609,0,0,0
325747405,33762,890,1,0,0
325938169,69222,862,2,0,0
326571651,43113,639,0,0,0
326815999,73797,642,0,0,0
327010647,74226,661,1,0,0
327035552,11749,655,0,0,0
327885623,80694,642,0,0,0
328110977,59277,708,1,0,0
328167394,91503,544,1,0,0
328393775,50568,764,1,0,0
328440665,24250,711,0,0,0
328708432,59096,893,0,0,0
328748177,65496,885,1,0,0
328828552,39476,705,0,0,0
329619322,12952,722,0,0,0
330038450,45513,778,0,0,0
330081650,92168,771,0,0,0
330167791,29341,882,0,0,0
330292904,70043,662,1,1,1
330332004,22418,617,2,0,0
331022543,94289,787,0,0,0
331299555,23199,841,0,0,0
332275425,92829,782,0,0,0
332324467,31017,666,0,0,0
333207672,90762,697,0,0,0
333494220,63521,800,0,0,0
333496976,80011,623,2,1,1
333688424,17327,532,1,2,2
334608677,50944,893,0,0,0
334807615,40081,307,2,1,3
334844153,27960,676,0,0,0
335049871,95811,552,1,0,0
335171056,80265,583,1,0,0
335477623,65848,639,1,1,1
336244308,34935,859,0,0,0
336440554,87135,723,1,0,0
336687546,48622,577,0,0,0
336699432,62676,580,2,0,0
337048455,60681,539,3,1,1
337064476,86573,792,0,0,0
337236647,91141,354,1,1,3
337329321,73279,794,0,0,0
337332232,85776,851,0,0,0
337413604,64505,875,0,0,0
337451521,13589,688,0,0,0
337736669,27319,726,0,0,0
337932926,50687,771,1,0,0
338371149,50889,650,2,0,0
339260526,47122,699,0,0,0
340101098,10747,541,4,0,0
340182675,15569,642,5,1,1
340620558,54565,307,1,1,3
340784553,19879,648,3,0,0
340873410,82334,819,0,0,0
341132607,73357,655,0,0,0
341459462,11891,827,0,0,0
341537382,82826,403,2,1,1
341559080,39673,601,3,0,0
341840147,32804,626,3,0,0
342224732,98497,789,0,0,0
343037342,21402,722,1,0,0
343860429,85312,832,1,0,0
344221407,46276,764,2,0,0
344292743,81953,690,0,0,0
344718852,14614,787,0,0,0
345128180,37545,616,1,1,2
346351745,52957,813,2,0,0
346367460,60267,864,0,0,0
346424728,60390,674,1,0,0
346706668,71732,703,3,1,1
346936472,20284,704,0,0,0
347303159,26651,513,5,0,0
347352748,16231,851,0,0,0
348314254,50229,878,0,0,0
349177503,80632,788,5,0,0
349389028,89785,891,0,0,0
350236966,97901,791,0,0,0
350309265,45921,479,2,1,1
350366519,88872,639,2,1,1
350845994,93788,769,0,0,0
350850226,45579,600,0,0,0
350946718,91214,707,0,0,0
351068693,96065,799,4,0,0
351069552,10111,621,1,0,0
351154605,96138,849,1,0,0
351300695,96062,683,1,0,0
351374421,62248,677,0,0,0
351395801,95629,722,2,1,1
352295412,10205,804,0,0,0
352568372,18430,576,1,3,1
352930678,24833,893,0,0,0
353016299,21591,813,0,0,0
353315174,74024,832,2,0,0
353383817,60189,570,0,0,0
353399323,82971,710,0,0,0
353991153,51921,613,0,0,0
354315647,58256,650,0,0,0
354349609,97968,680,1,0,0
354403739,85756,804,0,0,0
354566982,81062,787,1,0,0
354935393,21685,700,1,0,0
355102121,78325,799,0,0,0
355562603,67716,726,0,0,0
356577950,88055,580,2,1,1
356611737,65485,769,0,0,0
356906620,43725,307,1,2,2
357375043,73929,614,0,0,0
358161067,27753,787,0,0,0
358177582,74278,307,1,3,3
358515455,66950,687,1,0,0
358639723,24336,410,4,3,1
358869495,22228,569,1,0,0
359233792,21339,587,1,0,0
359487493,32247,635,2,0,0
359684874,15082,307,5,1,2
359783988,87991,825,3,0,0
360097445,51315,667,2,0,0
360598973,37864,825,0,0,0
360943171,62184,713,0,0,0
361505685,49603,670,0,0,0
361970891,33484,497,2,1,1
362055134,12192,616,1,1,1
362331363,27948,562,1,1,1
362547577,56249,875,0,0,0
362743382,55557,633,4,0,0
362774188,76804,807,0,0,0
363091346,37813,732,0,0,0
364542595,51700,798,0,0,0
364775647,15012,669,0,0,0
365212903,75095,726,1,0,0
365465284,36344,654,4,0,0
365569994,57085,643,0,0,0
365610095,97244,802,0,0,0
365707964,90434,794,1,0,0
365957614,66805,791,0,0,0
368994599,81305,678,0,0,0
369083869,10933,580,0,0,0
369859269,59107,799,0,0,0
370273143,54834,809,0,0,0
370485773,41102,754,0,0,0
370703001,28134,773,0,0,0
371284100,98701,562,3,0,0
371423494,53500,778,0,0,0
371885648,38691,307,1,1,3
371894659,31536,694,0,0,0
372013989,79837,606,1,0,0
372370864,16338,701,1,0,0
374322709,41464,458,4,1,1
375221526,40716,518,5,0,0
375473514,69521,307,1,3,1
376153824,55395,743,0,0,0
376513694,81847,822,1,0,0
376524743,94244,735,0,0,0
376591087,98099,855,0,0,0
376926905,50129,771,2,0,0
377388074,71705,567,0,0,0
377839757,41237,657,3,1,1
378149577,87848,587,1,1,1
378316589,29523,809,1,0,0
378530431,38735,775,0,0,0
378589251,57456,587,0,0,0
378639040,14150,749,0,0,0
379172866,79944,803,0,0,0
379431027,82295,543,2,0,0
380458532,98118,726,2,0,0
380975270,20924,590,0,0,0
381286283,19745,561,2,1,1
381319223,65987,714,0,0,0
381601747,94470,588,4,0,0
381646238,22132,711,0,0,0
381667916,11614,397,3,1,2
381678216,53378,698,4,1,1
381910949,43753,653,0,0,0
382165244,93902,452,1,1,2
382300942,27819,685,0,0,0
382393638,68866,601,1,2,1
382572941,95504,857,1,0,0
382642460,72142,818,1,0,0
382664957,11948,885,0,0,0
382745174,60242,598,0,0,0
382756109,49770,671,1,1,1
383018648,37185,674,3,0,0
383459929,48527,809,1,0,0
383500679,25447,619,5,0,0
383673858,30239,575,1,0,0
384590259,46358,718,3,0,0
384682026,41391,652,0,0,0
385055589,91705,613,0,0,0
385523825,30434,678,2,0,0
385740473,11319,681,4,0,0
386252401,22476,731,1,0,0
386368932,43508,856,0,0,0
386794651,30914,711,0,0,0
387166110,49429,681,2,0,0
387490373,42525,573,0,0,0
387765511,22837,814,1,0,0
389846899,32963,572,1,0,0
390330851,14779,661,1,0,0
391517506,50011,574,0,0,0
391803452,55267,727,1,0,0
392057344,83651,650,0,0,0
393099930,99172,677,0,0,0
393360629,97836,849,0,0,0
393434318,66783,594,0,0,0
394213031,83789,549,5,0,0
394382756,37402,779,1,0,0
394587458,60898,553,0,0,0
394937362,14351,558,2,0,0
395605094,15887,732,0,0,0
395828351,84155,715,0,0,0
395965298,53627,562,0,0,0
396468403,52688,729,0,0,0
396719857,49668,707,0,0,0
396742576,20215,708,4,0,0
397885344,84008,633,0,0,0
399319083,44265,665,0,0,0
399463834,96039,637,0,0,0
400376031,11029,877,1,0,0
400806779,68261,722,2,0,0
401045295,40459,744,0,0,0
401165468,24443,824,1,0,0
401168581,47880,573,0,0,0
401385203,18795,806,0,0,0
401678433,19408,534,2,0,0
401703097,99263,530,3,1,1
401758141,71391,862,0,0,0
401794187,13371,719,0,0,0
402075353,71605,633,5,0,0
402721023,40335,787,0,0,0
403148872,91952,486,1,1,1
403187872,35845,711,2,0,0
403667338,87722,528,1,2,1
404100611,83602,893,0,0,0
404481701,79976,850,0,0,0
404998997,52362,680,0,0,0
405755164,22620,659,2,0,0
405971259,61190,585,0,0,0
406335932,42414,731,0,0,0
406795522,93319,715,0,0,0
406906006,15816,787,0,0,0
407218504,98192,566,0,0,0
407458696,83118,674,0,0,0
407841054,80905,619,1,0,0
408354595,31282,602,0,0,0
408455698,17342,568,1,0,0
408627306,67923,677,2,0,0
408787501,92303,312,1,1,2
409155304,23284,622,0,0,0
409195324,60458,729,1,0,0
409249488,68826,645,0,0,0
409623946,55246,722,0,0,0
409662577,32960,874,0,0,0
411550982,10905,789,0,0,0
411682855,43102,788,1,0,0
411690995,10820,630,1,1,1
412523743,62402,863,0,0,0
412772419,45348,689,0,0,0
412967162,78747,664,0,0,0
413682478,44413,363,3,2,1
414130535,92074,811,0,0,0
414142573,93531,809,4,0,0
414298034,84167,888,0,0,0
414820953,53545,816,2,0,0
415265911,23423,307,2,2,3
415742156,11658,706,1,0,0
416026263,69555,790,0,0,0
416363248,86508,828,0,0,0
416483176,60504,588,1,1,1
417065522,44952,800,0,0,0
417182466,90426,817,1,0,0
419083100,17738,662,1,0,0
419324902,56163,560,0,0,0
419417539,69660,761,0,0,0
419764254,97142,398,5,1,1
420364990,52540,702,0,0,0
421456448,65853,676,0,0,0
422078088,83667,774,0,0,0
422341987,21241,426,1,1,1
422956463,83838,800,2,0,0
423190963,45531,826,0,0,0
423820714,15884,487,1,2,1
423876562,70820,893,0,0,0
423932931,72509,780,0,0,0
424178204,79892,839,0,0,0
424236402,16584,552,0,0,0
424312726,88129,458,3,1,2
424555654,29375,605,0,0,0
424622904,88051,690,0,0,0
424627658,75363,725,0,0,0
425006239,14453,701,1,1,1
425982169,74107,800,2,0,0
426479172,51913,566,1,0,0
426575930,14472,589,3,0,0
426798517,90513,846,0,0,0
427531347,93712,565,3,1,2
427765499,83992,667,0,0,0
428461870,76106,760,0,0,0
428495553,29183,652,3,0,0
428570978,77856,540,1,0,0
429088449,29901,697,1,0,0
429482528,98782,610,0,0,0
430363763,91432,739,0,0,0
430517041,69357,644,3,0,0
431109232,17809,630,0,0,0
431216653,79687,557,1,0,0
431860634,76677,639,3,0,0
431894882,93616,873,1,0,0
431923227,26496,811,2,0,0
432181584,89070,603,0,0,0
432231343,63840,840,0,0,0
432403829,26528,879,0,0,0
432620296,70162,755,1,0,0
433343090,68568,577,0,0,0
433408138,35777,869,1,0,0
433718425,20734,850,3,0,0
433839191,39920,574,0,0,0
434126268,33678,661,5,1,1
434150787,17533,453,1,1,2
434318907,54594,753,0,0,0
434375097,50170,494,1,1,1
434649348,34084,762,1,0,0
434683146,41080,569,0,0,0
434871750,38521,586,0,0,0
435178758,95060,850,0,0,0
435255151,85697,637,1,0,0
435573883,45751,674,4,0,0
435887671,23015,493,2,1,1
436042806,96894,342,2,2,2
436475780,89525,591,0,0,0
436484309,70647,830,1,0,0
436832329,70374,701,0,0,0
436841061,88570,778,0,0,0
437008535,50551,661,0,0,0
437173172,78922,542,2,0,0
437805933,81055,556,5,0,0
438051638,94375,696,0,0,0
438144236,77392,630,0,0,0
438375494,99804,682,0,0,0
438477075,67152,679,0,0,0
439435136,19082,587,1,0,0
440099349,72406,845,0,0,0
440315793,15528,738,2,0,0
440663288,76190,711,0,0,0
440731386,45178,654,0,0,0
440949429,18648,312,5,2,1
441354562,30276,640,0,0,0
441945586,80125,654,0,0,0
442092997,67735,498,4,1,1
442323631,18872,688,0,0,0
442842051,17083,771,0,0,0
443024649,62945,641,2,0,0
443564348,17069,556,0,0,0
443974114,34577,402,1,1,1
444125425,48736,690,1,0,0
444775980,65382,598,0,0,0
444958918,93064,601,2,0,0
445232186,16663,817,4,0,0
445722550,10961,590,5,2,1
445763133,18813,736,2,0,0
445844659,66694,789,2,0,0
446371233,26102,747,0,0,0
446487481,74614,666,0,0,0
446864938,34703,462,1,1,1
447347438,66302,432,2,1,1
447812184,63922,663,0,0,0
447856207,20786,857,0,0,0
448194576,46167,810,2,0,0
448362767,34218,815,0,0,0
448453292,87915,744,0,0,0
448490457,66195,714,3,0,0
448694167,30889,721,3,0,0
448699078,79019,851,1,0,0
449051030,81275,714,2,0,0
449363096,27311,711,1,0,0
449405479,25342,576,2,0,0
449602312,33715,637,0,0,0
449688160,56085,637,0,0,0
450363849,42564,799,1,0,0
450676562,52750,688,0,0,0
450694552,58342,358,1,1,3
450811053,32096,657,1,0,0
451374879,85861,724,0,0,0
451739324,76896,751,0,0,0
451778933,51331,851,0,0,0
452110626,99280,692,1,0,0
452268313,99944,716,1,0,0
452683377,53689,746,0,0,0
452724683,73102,539,3,0,0
452880556,24241,509,1,1,1
452891630,20591,893,0,0,0
452993705,51431,548,4,0,0
453317946,60755,532,2,0,0
453560674,39243,847,1,0,0
454357222,81831,826,3,0,0
454407631,11096,766,0,0,0
454603985,14161,454,1,1,3
454948772,37885,578,0,0,0
455174619,64165,510,1,1,1
455247248,75115,660,0,0,0
455300660,56530,853,0,0,0
455360561,70084,727,2,0,0
455379258,93874,779,0,0,0
455451765,88042,572,1,0,0
455506598,76800,632,0,0,0
455894429,79076,523,3,0,0
456839467,87787,576,3,0,0
457157192,53748,726,0,0,0
457562709,67996,833,0,0,0
457568822,72844,678,0,0,0
457847875,70330,671,0,0,0
458054618,58618,768,2,0,0
458838790,28414,719,0,0,0
459077945,53771,704,0,0,0
459256085,47933,652,1,0,0
459495624,98895,660,0,0,0
459625435,84996,564,0,0,0
459932970,77234,839,0,0,0
459966429,85616,610,1,0,0
460117612,66084,666,0,0,0
460164737,55997,571,0,0,0
460220159,77579,700,0,0,0
460221212,30964,708,1,0,0
460452933,34581,638,3,0,0
460782113,55275,549,2,2,1
461030860,95819,649,0,0,0
461525236,84693,562,3,1,1
462019219,99209,808,0,0,0
462047869,74179,848,0,0,0
462119748,26927,873,1,0,0
462242962,65099,571,3,1,1
462279420,75741,481,1,1,1
462698898,23566,560,1,0,0
463428305,44667,635,0,0,0
463753346,28511,826,0,0,0
464192798,65895,696,2,0,0
464548749,78526,657,1,0,0
464661075,69474,839,0,0,0
464708206,96103,629,1,1,1
464765417,78889,572,2,0,0
464812285,96160,586,2,0,0
464823168,72694,666,1,1,1
464991153,33911,729,0,0,0
465506796,87482,726,0,0,0
465531586,93688,730,0,0,0
465645726,91096,845,1,0,0
465968209,66202,788,2,0,0
466042060,34100,813,1,0,0
466665144,87337,759,1,0,0
466673100,66557,692,3,0,0
466871572,15014,672,2,0,0
467094022,23075,728,0,0,0
468461505,70369,709,0,0,0
468559402,57218,795,0,0,0
468937854,62150,876,1,0,0
469049372,13307,672,0,0,0
469295352,84784,643,1,2,1
469687184,33973,840,1,0,0
469751563,46504,804,0,0,0
470598012,72657,711,0,0,0
471203386,97919,765,0,0,0
471367822,49466,558,1,0,0
471654230,54582,865,0,0,0
471806672,58155,804,1,0,0
471840008,32036,588,2,1,1
472737814,41496,708,3,0,0
473207803,52613,552,1,0,0
473391744,99213,774,0,0,0
473618972,32565,805,0,0,0
473840882,39822,756,0,0,0
473851516,79187,811,2,0,0
473855793,44895,698,1,0,0
474293891,66430,585,1,1,1
474481250,10403,735,3,0,0
474991657,85476,643,0,0,0
475435911,95140,747,0,0,0
475457740,47305,839,0,0,0
476101240,95433,397,1,1,3
476328782,72388,681,1,0,0
476528822,19496,833,1,0,0
477135472,54574,859,0,0,0
477147173,75167,862,2,0,0
477998373,83537,602,1,1,1
478402678,66681,843,0,0,0
478825900,38074,788,2,0,0
478915834,14532,553,1,1,1
479052316,91002,733,0,0,0
479134260,97768,523,5,0,0
479211232,63267,544,4,0,0
479910412,16818,795,1,0,0
480514867,49482,648,3,0,0
482064448,94023,404,4,1,1
482189041,22412,859,1,0,0
482201101,72046,742,2,0,0
482224995,96306,748,0,0,0
482335643,31918,307,3,2,2
482962622,28827,603,0,0,0
483568235,56619,541,5,0,0
484055006,51193,603,0,0,0
484613990,46660,682,4,1,1
485402645,97004,825,0,0,0
485486446,84604,561,2,0,0
485585453,57198,598,3,0,0
485678293,74044,661,0,0,0
485703362,10514,656,1,0,0
485902186,15005,559,4,0,0
485909030,77718,744,1,0,0
486010373,14915,590,0,0,0
486443920,39880,735,0,0,0
486862870,47990,667,1,0,0
487096264,96856,657,4,0,0
487861989,12059,873,1,0,0
488029367,40930,563,2,0,0
488281104,11381,758,0,0,0
488710739,51287,713,2,0,0
489018884,94584,567,5,0,0
489238595,19268,614,0,0,0
489375653,35971,666,0,0,0
489450688,13504,761,1,0,0
490206056,35211,614,4,0,0
490742568,60975,646,1,0,0
490946524,23782,789,0,0,0
491144202,54431,732,5,0,0
491477961,24999,786,2,0,0
491697855,67481,689,0,0,0
491851886,40136,724,0,0,0
492308897,46279,748,1,0,0
492403274,36867,865,3,0,0
492464172,59746,411,5,2,2
492756648,81178,851,0,0,0
493246215,70251,600,0,0,0
493754036,34494,405,1,1,1
494142067,30623,776,1,0,0
494291118,49701,665,0,0,0
494665059,14825,673,1,0,0
494711669,72314,714,1,0,0
494725185,16179,732,1,0,0
495320546,94071,775,0,0,0
496542745,54474,871,0,0,0
496846761,48909,575,0,0,0
497137079,85661,565,1,0,0
497474954,98126,724,2,0,0
497501417,42544,563,0,0,0
497619886,79447,554,5,0,0
497748327,26954,703,0,0,0
498128166,45637,657,1,0,0
498198123,35737,875,2,0,0
498276458,16197,682,0,0,0
498767021,61076,603,0,0,0
499061419,28708,611,0,0,0
499104910,77850,554,0,0,0
499336943,49564,786,0,0,0
499747425,19820,581,1,0,0
500176925,20451,844,0,0,0
500190549,16934,691,0,0,0
500381068,76173,844,1,0,0
501133640,69808,875,2,0,0
501341755,65285,441,1,1,2
501422813,29475,787,1,0,0
501655149,85270,828,1,0,0
502039096,92471,560,3,0,0
502281534,94118,872,0,0,0
502370181,53912,645,1,0,0
502474015,33708,838,0,0,0
503124411,85535,629,0,0,0
503192461,68706,686,0,0,0
504111654,48225,561,0,0,0
504505174,42759,708,1,1,1
505412391,85745,458,2,3,1
506005890,15763,808,0,0,0
507098362,51044,863,2,0,0
507414696,30619,647,2,0,0
507549807,55920,842,2,0,0
508059217,77491,634,0,0,0
508082125,57580,869,2,0,0
508911747,44887,624,0,0,0
510378897,72250,763,1,0,0
510456558,67547,767,2,0,0
511108427,74131,585,0,0,0
511196512,64423,533,4,0,0
511221478,82695,720,1,1,1
511411361,91528,674,1,0,0
511468748,60060,804,1,0,0
511957493,96041,787,1,0,0
511978195,78773,640,4,0,0
512038316,91267,618,0,0,0
512137791,88881,582,1,0,0
512301320,62395,696,0,0,0
512357482,10773,608,0,0,0
512958830,33052,548,1,0,0
513082359,58829,754,0,0,0
513595774,13972,721,2,0,0
513818722,39884,548,2,2,1
513895480,68067,562,2,0,0
514015209,36850,780,1,0,0
514993983,97744,629,0,0,0
515211562,49138,434,4,2,1
515398632,43519,782,0,0,0
515553759,42545,858,1,0,0
515715665,17051,686,0,0,0
515968918,84062,657,0,0,0
516936678,72306,590,0,0,0
517158595,37103,713,2,0,0
517341139,73105,408,1,1,1
517785406,96284,893,0,0,0
517821073,24802,589,0,0,0
517888003,49125,693,0,0,0
518007582,71302,721,1,0,0
518727470,90671,835,2,0,0
519062737,61705,737,0,0,0
519493111,97462,609,0,0,0
519899674,17367,832,0,0,0
520249152,95808,712,1,0,0
521061938,81863,777,2,0,0
521148043,79142,647,2,0,0
521462380,10837,893,0,0,0
521561313,51728,820,0,0,0
521637393,46154,695,0,0,0
521815925,31344,715,3,0,0
521924282,36475,799,4,0,0
522373193,61186,618,0,0,0
523397586,73457,595,0,0,0
523639351,39606,668,0,0,0
523937617,81194,696,1,1,1
524026329,25394,851,0,0,0
524069156,45572,665,0,0,0
524442797,98837,799,2,0,0
524640841,85986,649,0,0,0
525030195,34107,615,1,0,0
525208368,96521,658,0,0,0
526470928,13274,559,3,0,0
526570945,23816,448,1,1,1
526656013,23999,754,0,0,0
527153089,74900,740,2,0,0
527321301,10113,888,0,0,0
527436032,60286,589,0,0,0
528611987,53417,654,0,0,0
529097087,35029,586,0,0,0
529306414,39100,593,1,0,0
529733345,60269,790,0,0,0
529936831,84962,893,0,0,0
530070592,98750,599,1,1,1
530086049,97437,307,1,1,2
530678204,68160,795,0,0,0
530680893,48640,520,1,1,1
531066236,99520,697,1,1,1
531172899,48464,754,0,0,0
531438043,25312,690,2,0,0
531635610,46169,754,0,0,0
532301170,70057,677,0,0,0
532461636,56805,753,0,0,0
533724571,22928,350,2,1,2
533957958,96381,500,4,1,2
533961242,54656,840,3,0,0
534364414,29036,780,5,0,0
535256399,22189,633,2,0,0
535305203,26746,889,0,0,0
535323047,18792,628,0,0,0
535506575,51496,725,3,0,0
535919388,38123,837,0,0,0
536244176,69202,684,0,0,0
536824298,82395,745,0,0,0
536833225,24433,769,1,0,0
537230441,55319,893,0,0,0
537519829,54684,684,2,0,0
537629484,88498,838,0,0,0
537718949,95558,708,1,0,0
537870928,56400,766,0,0,0
538458039,75559,624,1,0,0
538493379,67204,747,0,0,0
538535254,78143,593,0,0,0
538544348,69573,633,0,0,0
538646314,74701,869,0,0,0
538720563,29741,603,3,0,0
538783575,95837,807,0,0,0
539514432,63600,878,0,0,0
539726746,26332,618,2,0,0
540004523,12449,624,0,0,0
540079987,19472,779,5,0,0
540353411,39369,563,0,0,0
540674832,51912,737,4,0,0
542558421,42868,676,1,0,0
543215991,46467,579,0,0,0
543586781,97208,597,2,0,0
543796761,77136,581,0,0,0
544352846,96466,713,0,0,0
544985622,49308,614,4,0,0
545708085,77246,423,5,1,1
545728946,19399,530,2,1,1
546091595,95219,759,0,0,0
546325027,45361,720,0,0,0
547208501,53387,307,3,5,1
547698284,26380,830,1,0,0
547910232,71153,772,0,0,0
548801914,39513,565,1,0,0
548804259,55866,787,1,0,0
549839570,56463,592,0,0,0
550060403,69129,581,0,0,0
550297506,15108,770,1,0,0
550940082,79637,675,3,0,0
551027566,44791,564,3,0,0
551069338,66785,854,0,0,0
551304498,34159,615,0,0,0
551326103,99348,797,2,0,0
551522722,15364,584,0,0,0
553451486,16329,541,1,0,0
553586269,15911,634,5,0,0
553949160,98554,808,1,0,0
554229884,65743,863,1,0,0
555148782,92083,662,0,0,0
555156011,21014,739,1,0,0
555165227,29453,855,0,0,0
555209892,86152,817,1,0,0
555426665,30838,765,2,0,0
555482487,59779,425,1,1,1
555655664,74244,853,0,0,0
556480970,30657,561,2,0,0
556770623,19630,701,1,0,0
556868047,37599,867,1,0,0
556884550,47088,713,3,0,0
557112147,66050,618,1,0,0
557150128,76064,611,1,0,0
557171452,16505,846,1,0,0
557205327,68255,603,0,0,0
557397610,68210,659,0,0,0
557540765,41329,753,0,0,0
557657688,95324,692,2,1,1
557923832,76958,674,0,0,0
558200789,57460,796,0,0,0
558866959,51994,886,1,0,0
558897791,38383,893,0,0,0
558898139,73088,558,1,0,0
559226421,74158,594,0,0,0
559375437,40694,549,2,1,1
559627362,75676,405,1,1,1
559842169,57720,688,1,0,0
560691242,65932,679,0,0,0
560771396,91055,647,0,0,0
560956906,60729,893,0,0,0
561019163,90381,546,2,1,1
562205087,97910,639,0,0,0
562571086,46195,637,2,1,1
562790029,37815,815,4,0,0
562891891,19927,791,0,0,0
563637219,81458,693,0,0,0
563780507,10748,614,4,2,1
564133071,59177,739,0,0,0
564332444,58880,712,1,0,0
564572583,18883,881,1,0,0
564733855,41665,852,0,0,0
565693125,79450,660,2,0,0
565700933,58205,712,1,0,0
566879156,41037,487,1,2,3
567077628,20183,782,0,0,0
567481170,18290,465,1,2,1
567976809,97170,678,2,0,0
568380317,11969,706,0,0,0
568591837,40431,473,1,3,1
568800981,91363,807,0,0,0
568998851,50370,606,0,0,0
569228759,13698,668,0,0,0
569298604,17517,575,0,0,0
569694279,21583,826,2,0,0
569974687,62372,792,1,0,0
570344140,39376,658,2,0,0
570779662,12423,855,1,0,0
571195974,73555,792,3,0,0
571548578,97179,459,3,1,2
571604831,17280,719,0,0,0
572639097,74101,591,1,0,0
572703785,95124,858,2,0,0
572712599,41098,693,0,0,0
572804334,78057,731,0,0,0
573352260,36021,794,0,0,0
573631845,70697,562,0,0,0
573824896,29275,694,0,0,0
573972140,29262,693,0,0,0
574261369,54408,430,3,1,1
574642349,36014,861,0,0,0
574954620,82947,638,1,0,0
575120777,70229,689,1,0,0
575785841,60747,683,2,1,1
575897053,76827,506,1,2,1
576267145,77030,691,0,0,0
577274748,26074,694,0,0,0
577385122,82525,770,0,0,0
577800113,88040,826,3,0,0
578121204,23862,569,0,0,0
579937680,78386,672,0,0,0
580071655,75773,669,0,0,0
580529285,41280,733,0,0,0
580563795,54299,679,2,0,0
580587502,60213,646,0,0,0
580719067,33330,806,0,0,0
581093966,62151,765,1,0,0
581278090,46863,589,5,0,0
581477171,38630,684,4,1,1
581540592,85849,588,1,1,1
582981471,47400,437,1,1,2
583978034,17574,667,1,0,0
584318989,14183,817,1,0,0
584867576,93817,605,0,0,0
584979965,14413,622,0,0,0
585579792,49483,568,0,0,0
585965464,74744,655,0,0,0
586188293,15642,774,0,0,0
586396320,21642,624,0,0,0
586550113,90728,648,0,0,0
586691942,94531,429,2,1,1
586837279,92693,770,3,0,0
587190524,30382,650,1,0,0
587726812,37406,885,0,0,0
587836842,23701,838,0,0,0
588387120,70906,857,1,0,0
588681922,82959,532,5,0,0
588823958,24866,588,3,0,0
589049197,61116,743,0,0,0
589105988,14642,789,0,0,0
589340751,58108,691,0,0,0
589420546,34458,673,2,0,0
589888083,86644,678,1,0,0
590234179,50946,756,1,0,0
590384427,33811,655,0,0,0
590415374,55815,800,1,0,0
590746133,75044,646,0,0,0
591405655,40435,725,3,0,0
591869461,81006,769,3,0,0
592184175,28593,859,0,0,0
592375352,83236,667,1,1,1
592495816,48562,826,3,0,0
592536885,65428,852,0,0,0
593157311,71524,357,1,4,1
593395778,54095,821,0,0,0
593557422,21167,608,2,0,0
594048891,26134,864,0,0,0
594766326,62857,648,0,0,0
594835112,59516,826,0,0,0
594901890,89043,643,0,0,0
594908844,35554,676,0,0,0
594956351,89289,697,2,0,0
595098571,50069,602,0,0,0
595410894,93970,664,0,0,0
595790735,42071,437,1,1,1
595902799,92912,710,2,0,0
595955092,41666,747,1,0,0
596523453,23030,595,0,0,0
597125659,99810,606,1,1,2
597154796,47008,307,1,2,2
597411299,58862,615,0,0,0
597846999,29663,543,1,0,0
597957990,28046,631,0,0,0
598311629,26440,610,0,0,0
598929258,65430,603,0,0,0
598946473,91164,666,0,0,0
599338434,46332,790,0,0,0
599410900,42717,866,0,0,0
601134357,28631,672,1,0,0
601140152,78269,533,1,1,1
601576958,36904,878,2,0,0
602690417,10138,860,0,0,0
602987862,66562,810,0,0,0
603909467,34598,652,0,0,0
603932693,47316,887,0,0,0
604966826,81082,752,0,0,0
605141120,93308,746,0,0,0
605392804,47141,662,0,0,0
606400363,94105,746,3,0,0
606783991,60452,757,0,0,0
606902314,83251,744,0,0,0
607054644,44310,848,1,0,0
607215497,91241,709,3,0,0
608047084,55553,796,0,0,0
608464874,34758,558,1,0,0
608720800,43244,425,2,2,1
609008681,53807,512,5,0,0
609288524,44445,628,2,0,0
609295688,11729,759,0,0,0
609936566,94320,707,0,0,0
610344633,34876,754,0,0,0
610706379,66765,846,0,0,0
610708679,23304,746,0,0,0
610748711,50610,608,0,0,0
610793250,31774,867,1,0,0
611178464,89643,724,0,0,0
611634901,41554,602,0,0,0
612061059,40209,768,1,0,0
612283753,89765,754,0,0,0
612404446,71444,651,1,0,0
612565114,13106,709,1,0,0
612947598,65092,603,3,1,1
613023795,66654,543,4,0,0
613284085,45258,697,0,0,0
613414932,22037,865,0,0,0
614049836,87069,778,2,0,0
614090980,11509,776,0,0,0
614273047,51230,773,2,0,0
614732726,59089,873,1,0,0
615103305,76018,733,0,0,0
615402304,60064,603,4,2,1
615451560,22026,307,2,3,2
615867081,59356,547,1,0,0
615950354,59285,684,0,0,0
616019502,37078,685,0,0,0
616034846,91211,760,0,0,0
616387735,70661,782,0,0,0
617171587,95025,770,0,0,0
617181113,75490,854,1,0,0
617290535,45499,893,0,0,0
617486055,48567,783,0,0,0
617842469,20323,553,2,0,0
617978701,36339,600,3,2,1
618000472,67574,566,1,0,0
618060922,64706,893,0,0,0
618242679,40275,714,1,1,1
619274310,29132,765,0,0,0
619392235,21260,847,0,0,0
619492723,48827,789,2,0,0
619818922,25935,557,1,0,0
620049994,87895,744,1,0,0
622208524,23932,698,1,0,0
622792239,31767,553,0,0,0
622830596,67267,845,1,0,0
623173308,22101,830,3,0,0
623240101,59985,661,0,0,0
623429628,18015,647,1,1,1
623948138,64381,564,0,0,0
624230244,83242,684,1,0,0
624290810,90408,818,2,0,0
624377947,15142,640,2,0,0
624737759,78287,741,0,0,0
625042715,72104,740,0,0,0
625177784,28743,872,2,0,0
625267162,56965,530,3,1,1
625569708,36533,697,3,0,0
625694312,66764,750,1,0,0
625879562,94419,802,0,0,0
625981047,42286,625,0,0,0
626767571,70448,725,0,0,0
627034131,89655,753,0,0,0
627454913,79339,741,0,0,0
628144737,74674,625,1,2,1
628533049,41775,879,2,0,0
628730165,48212,644,1,0,0
629075377,75530,892,0,0,0
629625910,10036,855,0,0,0
629717931,17862,887,0,0,0
629726822,25223,560,0,0,0
629749820,36627,877,0,0,0
630293908,69981,575,1,0,0
631343181,84596,602,5,1,1
631404028,31459,542,3,0,0
631547577,33412,837,0,0,0
631957029,50156,875,0,0,0
632126332,93117,615,2,2,1
632129107,85504,674,1,2,1
632352229,55454,551,1,1,1
632495469,84047,805,0,0,0
632589583,59013,635,2,0,0
632956629,39379,793,4,0,0
633200665,16513,720,0,0,0
633336507,35919,849,0,0,0
633365397,78602,596,1,0,0
633370722,31446,835,2,0,0
633534416,40567,806,0,0,0
634268902,77004,840,3,0,0
634301345,19492,893,0,0,0
634578035,35753,690,0,0,0
635237295,98384,692,0,0,0
635357103,96204,578,0,0,0
635520282,17206,829,2,0,0
635961730,56961,622,1,0,0
636227304,14736,592,1,0,0
636548669,93301,605,5,0,0
636586309,53879,872,0,0,0
637074269,46470,893,0,0,0
638757253,91356,614,0,0,0
638978166,71749,696,0,0,0
639359298,99935,714,1,0,0
639506049,62651,759,0,0,0
639627216,46968,794,1,0,0
639775608,22434,424,3,1,1
639891357,14235,654,0,0,0
639979658,33372,529,1,1,2
640216804,65306,505,2,2,1
640325687,85894,679,0,0,0
641137761,23011,718,0,0,0
642930533,90331,804,0,0,0
642993125,68488,769,4,0,0
643003126,19738,833,0,0,0
644324257,59840,893,0,0,0
644615299,64415,837,1,0,0
644782454,94177,819,2,0,0
645022728,22024,762,0,0,0
645073078,41265,667,0,0,0
645560550,96044,741,0,0,0
645778820,83740,808,0,0,0
645989025,96764,729,0,0,0
646452963,80217,604,0,0,0
646674315,10770,767,0,0,0
647327994,38373,545,5,0,0
647411787,72076,636,0,0,0
647740070,93715,684,1,0,0
647950479,40398,852,1,0,0
648145682,44809,725,1,0,0
648287718,63544,846,2,0,0
648812514,50231,817,4,0,0
648968517,98547,737,3,0,0
649033789,65684,653,0,0,0
649079556,82101,759,0,0,0
649113456,83001,462,2,1,1
649294046,84074,842,0,0,0
649405408,86707,802,3,0,0
649912802,81300,784,0,0,0
649955820,34496,763,0,0,0
649961904,85240,566,1,0,0
650197518,14057,652,1,1,1
650295695,15689,620,4,0,0
650920125,49052,800,0,0,0
651357411,80536,553,1,0,0
651503682,70342,729,1,0,0
651675630,24755,595,1,2,1
652118855,32882,546,1,0,0
652567768,75593,683,1,0,0
653424411,83887,570,3,0,0
653581741,84344,667,0,0,0
653743816,81323,490,5,1,1
653756587,93976,720,0,0,0
654170692,42365,598,1,0,0
654184467,41077,729,0,0,0
654812396,80851,837,0,0,0
654847327,51776,669,0,0,0
655076105,44819,686,0,0,0
655734657,59891,841,3,0,0
656222167,93865,523,3,0,0
656352247,55782,837,0,0,0
656379039,52955,572,2,0,0
657034351,11800,640,2,0,0
658295447,95673,831,1,0,0
658719474,57413,821,0,0,0
658748856,54587,727,1,0,0
659601403,89710,890,0,0,0
659660746,32650,678,1,0,0
660048128,63495,594,0,0,0
660123526,93280,840,4,0,0
660518042,91162,739,0,0,0
660682535,75792,852,2,0,0
660751578,97549,540,1,1,1
660756921,64267,602,2,0,0
660799921,92148,800,0,0,0
661420180,67873,776,0,0,0
661684479,77701,697,0,0,0
661713271,19545,568,0,0,0
663157023,20810,690,1,0,0
663554391,98834,893,0,0,0
664015954,67795,824,0,0,0
664085832,21065,567,0,0,0
664161556,76950,613,1,0,0
664188500,95636,588,3,0,0
664653235,98910,816,0,0,0
664732161,27062,836,0,0,0
665205887,71179,734,2,0,0
665375892,81201,545,2,0,0
665811567,30792,806,4,0,0
665985687,55178,610,0,0,0
666528627,67274,761,1,0,0
666988048,15509,808,0,0,0
667386859,52053,641,0,0,0
667659217,62428,551,3,1,1
668316876,85128,418,1,1,1
668605985,83000,794,1,0,0
668993380,21605,580,4,0,0
669370508,51210,638,1,0,0
669388422,63974,790,3,0,0
669443015,22757,564,0,0,0
669447410,38998,623,1,0,0
669534975,74267,569,1,0,0
670840456,64009,729,0,0,0
671006534,34434,874,0,0,0
671494701,87678,844,1,0,0
671997493,17253,725,1,0,0
672173921,43995,699,2,0,0
672444363,74060,593,3,0,0
672734268,94134,884,1,0,0
673294062,77177,881,0,0,0
673613399,38800,815,0,0,0
674386168,81885,876,0,0,0
674685518,37486,750,0,0,0
675946521,40323,662,0,0,0
676397242,68361,705,1,0,0
676646385,16503,602,1,0,0
677021088,26255,625,0,0,0
677152998,85441,886,0,0,0
677763746,48731,844,1,0,0
677959981,63661,826,0,0,0
678081682,57783,735,0,0,0
678911101,61750,729,2,1,1
678943224,43202,836,0,0,0
679466954,49977,860,2,0,0
679608647,17592,697,3,0,0
679686196,42794,558,2,0,0
679742522,74153,555,5,0,0
679789393,21618,814,0,0,0
680523319,82634,800,0,0,0
680676098,94523,624,0,0,0
681033089,52126,651,0,0,0
681476556,11682,573,0,0,0
681572469,26321,315,2,1,2
681618059,88939,616,0,0,0
681667017,53124,619,0,0,0
681722159,54979,833,0,0,0
681873992,79277,756,0,0,0
681958715,48764,871,0,0,0
682185773,88691,755,1,0,0
682242409,65237,811,0,0,0
682560710,14605,543,1,0,0
683122523,87335,812,1,0,0
683280428,67832,651,2,0,0
683549404,89581,611,2,0,0
683600817,99608,633,3,1,1
683672261,79961,579,0,0,0
683731624,36754,602,2,0,0
683913867,50415,598,4,0,0
683985821,23134,533,2,1,1
684272019,91087,759,0,0,0
684360718,99913,687,0,0,0
684501011,56722,627,0,0,0
685203216,12115,734,0,0,0
685915875,96283,602,0,0,0
686748426,15797,782,2,0,0
686803526,90317,674,3,0,0
687167711,39733,691,1,0,0
687581290,53588,665,0,0,0
688251811,29953,893,0,0,0
688448158,42790,626,0,0,0
689288679,23389,866,0,0,0
689748736,27367,307,2,2,3
689917687,25787,388,1,1,3
690418923,89277,819,0,0,0
691055286,73676,693,4,0,0
691332874,26869,792,1,0,0
691482169,91860,786,0,0,0
691798533,50670,542,5,0,0
691820756,55667,727,1,0,0
692550799,37948,585,0,0,0
693218723,65804,571,1,0,0
693439797,52702,806,3,0,0
693500453,12481,730,1,0,0
693951195,16004,590,1,0,0
693954578,41066,707,0,0,0
694043347,60521,543,1,0,0
694382130,87326,633,0,0,0
694595842,31441,561,0,0,0
695112118,65283,862,3,0,0
696040293,25063,822,0,0,0
696164355,45414,741,3,0,0
696518156,43911,779,3,0,0
696786862,55936,680,0,0,0
697194819,62851,590,2,0,0
697480495,57425,797,0,0,0
697875095,95028,781,0,0,0
697905498,43549,812,1,0,0
698043223,19788,663,0,0,0
698166113,15966,431,1,4,1
698618616,10540,836,0,0,0
699149080,17653,498,2,1,1
699699796,30287,687,1,2,1
699757638,14922,836,1,0,0
699876678,78826,716,1,1,1
699963498,80809,893,0,0,0
700317654,23130,592,0,0,0
700650596,64247,657,0,0,0
700705514,90861,790,0,0,0
701018974,61242,622,0,0,0
702803058,91687,732,4,0,0
703016545,89858,656,0,0,0
703245371,55804,585,0,0,0
703287356,28355,560,1,0,0
703540090,95061,741,0,0,0
704406965,29377,667,0,0,0
704558234,80258,751,0,0,0
704672994,13682,682,0,0,0
705027669,25209,670,0,0,0
705046728,94154,889,1,0,0
705107138,97818,566,0,0,0
706024195,80660,713,0,0,0
706125339,72075,726,1,0,0
706681658,48519,806,0,0,0
706725687,77073,851,0,0,0
706762877,55730,615,1,0,0
706811288,48274,702,3,0,0
707050679,80141,736,0,0,0
707081715,37118,589,0,0,0
707268234,59382,705,1,0,0
707574680,21807,602,2,1,1
707580006,25500,471,1,1,1
707929342,99424,840,1,0,0
708091137,84845,705,0,0,0
708641960,96797,475,1,1,1
708660989,38531,842,3,0,0
709180899,22978,810,0,0,0
709395501,12477,645,1,0,0
710362079,80582,622,1,0,0
710372114,38851,831,0,0,0
710774834,53119,696,3,0,0
711631883,12232,874,0,0,0
711810016,37834,893,0,0,0
711949242,97243,776,0,0,0
711999511,71111,540,5,0,0
712249989,19451,755,0,0,0
712250340,16681,596,0,0,0
712845273,18698,557,1,0,0
713162241,22430,576,2,1,1
713185502,37460,550,1,0,0
713425667,61880,780,1,0,0
713628458,83614,690,0,0,0
713653143,19659,662,5,0,0
714167893,78968,689,0,0,0
714283526,77552,553,1,1,2
714546968,10054,749,0,0,0
714641722,44021,651,0,0,0
714837437,81959,814,1,0,0
715131569,94781,712,0,0,0
715295562,17373,571,1,0,0
715954835,23131,758,2,0,0
716570375,59378,842,2,0,0
716686617,53688,615,1,0,0
716743291,38120,681,2,0,0
716991214,79327,742,0,0,0
717138996,53256,881,0,0,0
717194977,46775,788,0,0,0
717264272,85526,859,1,0,0
717943399,71284,776,4,0,0
718066049,85740,653,2,0,0
718754887,93646,893,0,0,0
719035787,65790,673,0,0,0
719902725,29551,528,3,0,0
719903875,85567,833,2,0,0
720179301,47046,813,0,0,0
720516515,74703,818,0,0,0
721276172,85123,524,1,1,1
721499287,69989,405,2,1,1
721597666,21097,668,3,0,0
721672545,60445,784,0,0,0
721748256,26691,674,0,0,0
721906988,27309,614,1,0,0
722266761,75698,764,1,0,0
722393747,57190,693,0,0,0
722608961,61489,614,0,0,0
722931542,28604,747,0,0,0
723006311,80434,647,0,0,0
723431131,80031,718,0,0,0
723638119,50265,651,0,0,0
723726293,81595,693,0,0,0
723923306,64025,663,1,0,0
724553974,34295,880,0,0,0
724593805,17787,602,0,0,0
724631349,28405,680,0,0,0
724697552,83266,847,0,0,0
724900630,41892,418,1,1,1
725474940,80085,729,0,0,0
726291389,84897,568,5,0,0
726890581,63274,569,3,0,0
727935282,51983,804,0,0,0
728006938,86631,837,0,0,0
728104901,30602,352,1,2,2
728282525,20858,816,0,0,0
728373791,35062,710,1,1,1
728394067,27990,548,1,0,0
728422325,52365,876,1,0,0
728469309,75131,386,2,1,1
728696571,35314,831,3,0,0
729072544,94319,887,0,0,0
729135567,42827,635,0,0,0
729716307,74444,730,0,0,0
729733982,26748,748,0,0,0
729872742,82143,539,3,1,1
730072011,37979,536,1,1,1
730419536,62736,783,0,0,0
730431920,15228,750,0,0,0
730684713,14630,782,0,0,0
730718019,49807,451,1,1,2
731048065,80426,856,0,0,0
731452570,58110,715,0,0,0
731700454,15054,554,2,0,0
732271025,10844,840,0,0,0
732362644,27254,799,1,0,0
732465925,20686,760,0,0,0
732528934,52935,773,3,0,0
732724133,28089,638,0,0,0
733409024,16572,626,0,0,0
733478529,53658,735,0,0,0
733490666,82989,691,1,0,0
733692551,23755,743,1,0,0
734060470,90822,711,3,0,0
734100220,89269,643,0,0,0
734479434,75693,671,0,0,0
734736191,69755,693,0,0,0
734791010,97533,643,0,0,0
735381897,19794,688,3,0,0
735526458,49515,762,3,0,0
735630703,80907,563,2,0,0
735882657,81130,692,0,0,0
736058944,71804,756,0,0,0
736197395,44727,463,1,1,2
736232839,86128,702,1,0,0
736503016,91127,533,2,0,0
736573267,30421,836,0,0,0
736678308,36305,587,1,2,1
736764150,25114,775,3,0,0
737033617,87804,678,1,0,0
737471470,41047,554,1,0,0
737490714,46753,776,3,0,0
737514040,39885,356,2,1,2
738356388,41811,791,0,0,0
738970933,84494,816,0,0,0
739400066,45560,479,5,1,1
739414595,65240,566,0,0,0
739608860,64037,599,1,1,2
739632761,14928,631,2,0,0
740061552,80256,776,1,0,0
740105356,41637,801,0,0,0
741078565,92451,655,1,0,0
741125656,40935,612,0,0,0
741144650,46794,621,0,0,0
741158157,59993,677,1,0,0
741890662,16270,579,0,0,0
741912827,50079,668,1,1,1
742378829,35307,605,2,0,0
743415960,60544,521,1,1,1
744175409,57730,771,0,0,0
744260527,43690,536,3,0,0
744511919,18416,573,3,0,0
744558915,93109,888,0,0,0
744809703,73917,640,4,0,0
745132872,35428,586,2,0,0
745539839,52472,693,1,0,0
745558909,38710,802,0,0,0
746124283,84498,708,0,0,0
746344573,15504,821,2,0,0
746695420,31827,853,0,0,0
747872883,92732,435,3,1,1
748029797,45472,337,1,2,2
748190932,35585,538,3,0,0
748335606,66008,775,0,0,0
748353723,16573,831,0,0,0
748382186,17349,803,3,0,0
748808255,73303,712,0,0,0
748872060,89340,791,0,0,0
749936600,35321,842,0,0,0
750006971,14153,852,1,0,0
750276766,48059,832,0,0,0
750690615,20029,858,0,0,0
750805845,98286,658,0,0,0
750837742,96732,878,1,0,0
751132907,85781,845,0,0,0
751628230,19495,770,0,0,0
751893022,78705,417,2,1,2
752033022,12846,688,1,1,1
752957178,54086,845,0,0,0
753278643,73115,768,1,0,0
753579206,41082,723,1,0,0
753931812,92031,429,1,4,1
754053788,99160,626,4,0,0
754156939,28353,585,0,0,0
754436019,34287,633,0,0,0
754949139,38526,601,1,2,1
754976928,44400,798,2,0,0
755328195,36593,825,1,0,0
755651643,70755,641,0,0,0
755672054,76864,617,0,0,0
755684660,17705,850,1,0,0
755940795,51280,666,1,0,0
756327550,96183,758,0,0,0
756621730,95045,828,0,0,0
756729493,57437,676,0,0,0
757152062,76293,841,0,0,0
757232631,60123,749,0,0,0
757647775,74018,818,0,0,0
758660926,91977,624,0,0,0
758802949,80093,609,0,0,0
758860252,83738,695,5,0,0
759254417,20459,691,0,0,0
759401144,93485,649,0,0,0
759749259,92088,750,0,0,0
760834575,90262,586,2,0,0
760854519,81009,623,3,0,0
761236430,53729,402,1,1,1
761361932,90540,626,1,1,1
761647958,72228,579,3,0,0
761857632,81124,752,2,0,0
762086861,42110,677,0,0,0
762297689,57498,519,1,2,1
763638183,80320,842,1,0,0
763776496,38716,884,1,0,0
764386248,39014,766,0,0,0
764616109,50139,877,0,0,0
765043311,26840,733,3,0,0
765591986,38449,794,1,0,0
765642060,43515,703,0,0,0
765685118,78018,614,1,0,0
765967808,28588,853,0,0,0
767470150,52682,812,3,0,0
767597224,86439,744,4,0,0
767844255,41799,661,1,0,0
767924802,97648,766,1,0,0
768021317,19729,838,5,0,0
768565587,85380,625,0,0,0
768863715,14085,734,0,0,0
769435641,50138,736,0,0,0
769450238,38785,787,0,0,0
769543898,75441,564,3,0,0
769565936,25789,556,0,0,0
769735315,61409,392,1,1,1
769965615,19799,617,2,0,0
770207905,93026,845,0,0,0
770523244,28433,833,1,0,0
771166239,39849,790,2,0,0
771339688,10295,749,0,0,0
771673440,26563,798,2,0,0
772057916,41676,825,0,0,0
772059791,74561,614,5,0,0
772135615,52974,851,0,0,0
772189524,22824,697,0,0,0
773658031,92971,700,1,0,0
774319375,46168,640,0,0,0
774404783,36481,775,2,0,0
774528163,35859,684,3,1,1
774719583,61525,748,2,0,0
774758899,85450,658,0,0,0
775066420,38708,579,0,0,0
775108014,84900,649,0,0,0
775526052,81874,646,0,0,0
776161529,25186,651,1,0,0
776324562,54913,828,2,0,0
776349095,20149,841,0,0,0
776807262,32299,715,0,0,0
777400533,38978,843,0,0,0
777459445,19328,735,1,0,0
778030020,36827,521,1,1,1
778576582,35369,835,1,0,0
778973415,16087,667,0,0,0
779696748,91243,739,1,0,0
779818523,93237,641,1,0,0
779878576,95736,815,0,0,0
779924986,11747,757,1,0,0
779958015,67739,592,0,0,0
780374852,56905,532,5,0,0
780740805,60832,825,0,0,0
780911814,13705,840,0,0,0
781695819,71779,717,0,0,0
781952634,66321,732,0,0,0
782154939,54928,891,0,0,0
782179407,54697,667,1,0,0
782242682,90345,629,3,0,0
782388776,53539,574,0,0,0
782423804,24571,312,4,1,3
782668092,12247,532,2,0,0
782873536,12452,798,0,0,0
783076664,92657,595,1,0,0
783654961,89455,448,2,1,1
783701699,54792,722,0,0,0
784161855,94606,739,0,0,0
784172374,28183,554,1,0,0
784173893,28438,407,1,4,1
784221420,76929,650,0,0,0
784240807,45551,827,0,0,0
784375028,84142,571,0,0,0
784416581,47178,716,0,0,0
784484041,29176,709,1,0,0
784921266,18000,664,1,0,0
785319674,54797,771,1,0,0
785679614,71141,700,2,1,1
785784896,21263,713,3,0,0
785942580,43465,806,0,0,0
786914447,52683,650,0,0,0
787022926,61122,741,0,0,0
787487503,14486,737,0,0,0
787534848,32826,658,1,0,0
787801905,84738,586,0,0,0
788215923,57451,550,4,0,0
788820904,59155,782,3,0,0
789038160,85547,865,0,0,0
789432488,33234,885,1,0,0
789610788,90725,536,4,0,0
789802277,38839,772,0,0,0
790363680,25439,576,0,0,0
790559147,78449,859,0,0,0
790652590,86947,454,2,1,2
791007462,69644,789,0,0,0
791679549,63388,720,1,0,0
791975494,16275,712,0,0,0
792232199,16884,859,0,0,0
792244296,84635,648,0,0,0
792455148,46869,808,0,0,0
792560095,48359,718,0,0,0
792844312,85334,559,1,0,0
793161794,37439,782,0,0,0
794194555,79736,751,0,0,0
794227361,97379,600,0,0,0
794496014,82585,655,0,0,0
794634584,25290,873,0,0,0
794639824,47208,664,3,0,0
795042196,20357,877,0,0,0
795124947,51727,869,1,0,0
795369654,51440,651,1,0,0
795460857,12097,632,5,1,1
795651629,85936,678,0,0,0
795997151,74678,756,0,0,0
796349197,75418,785,1,0,0
796584930,90561,887,0,0,0
797975750,28707,711,0,0,0
798798839,31404,782,0,0,0
798858523,61729,735,1,0,0
798971407,24655,890,0,0,0
799437479,11038,626,0,0,0
799486364,54406,833,0,0,0
799754488,58833,718,1,1,1
799898238,15372,712,0,0,0
800143924,89474,810,0,0,0
800407945,92684,466,1,2,1
800434159,32176,687,1,0,0
800474843,61839,783,3,0,0
800898354,79445,636,0,0,0
800972337,21867,565,1,0,0
801142717,33333,809,0,0,0
801433169,80596,774,0,0,0
801583034,14217,840,2,0,0
801831239,50643,629,0,0,0
802251471,80981,693,0,0,0
802833821,54636,579,2,0,0
803362483,11667,801,1,0,0
804519216,46731,545,1,0,0
804678984,99864,739,1,0,0
804819829,85884,825,0,0,0
805317340,48158,612,5,0,0
806788205,27609,580,0,0,0
807429480,99920,774,1,0,0
807630032,49249,683,0,0,0
807942870,11111,593,0,0,0
808248036,87214,823,1,0,0
808351253,76087,658,2,0,0
808446271,55166,868,0,0,0
808785206,45809,727,0,0,0
808888240,22514,729,0,0,0
809034240,91594,888,1,0,0
809618993,36588,738,0,0,0
810048040,62299,889,0,0,0
810447129,60951,477,1,2,2
811128542,64260,866,0,0,0
811564634,14423,612,0,0,0
812187067,26959,522,3,0,0
812506339,51123,562,0,0,0
812778936,58364,615,2,0,0
813027230,15197,769,0,0,0
813158662,10081,740,1,0,0
813593648,80161,749,2,0,0
813959675,98199,527,3,0,0
814359158,52454,804,0,0,0
814466081,33899,632,0,0,0
814789503,32824,783,1,0,0
815082739,13741,857,4,0,0
815157065,69197,541,2,0,0
815733688,90308,789,1,0,0
816203280,89890,632,0,0,0
816881038,67199,725,0,0,0
817153834,94216,569,1,1,1
817355246,59695,772,0,0,0
817440704,56297,716,0,0,0
817488908,20906,861,0,0,0
817611356,60388,707,0,0,0
817632848,33498,759,0,0,0
818117846,49374,886,1,0,0
818494174,70395,620,4,0,0
818555166,71819,414,1,1,1
818838173,36497,578,0,0,0
818976544,86665,717,0,0,0
819069464,58014,635,1,0,0
820232132,46238,795,0,0,0
820328210,53223,822,0,0,0
820361668,32226,821,1,0,0
820617075,11397,852,2,0,0
820773896,39691,676,0,0,0
820795540,86697,595,1,2,1
820909196,79554,619,0,0,0
820991871,45894,610,0,0,0
821144965,28156,393,1,2,1
821258140,24430,683,1,0,0
821363629,13985,576,0,0,0
821470646,22187,681,0,0,0
822273444,54610,821,0,0,0
822676303,16297,728,0,0,0
822683425,64746,682,4,0,0
823178239,54849,649,0,0,0
823297193,75236,683,1,0,0
824088960,50316,780,0,0,0
824127409,32032,602,2,1,1
824305817,27814,653,3,0,0
824923856,13869,525,5,0,0
824930629,17545,780,5,0,0
825284413,47823,570,0,0,0
825602735,81937,702,3,1,1
825719254,70260,525,1,2,1
825799005,89721,552,0,0,0
827180993,50376,628,0,0,0
827222006,37385,587,0,0,0
827298711,68829,618,1,0,0
827419338,14236,858,0,0,0
827553738,90998,884,0,0,0
828011852,93834,659,0,0,0
828059120,18027,822,2,0,0
828081801,15996,855,1,0,0
828566359,59667,565,1,2,2
829039986,86750,541,3,0,0
829388626,92256,585,0,0,0
829399541,77053,701,2,0,0
829681035,76689,791,0,0,0
829716408,37374,643,1,0,0
830134262,91664,569,0,0,0
830162422,17921,703,0,0,0
830518786,62701,836,0,0,0
830634538,66251,692,0,0,0
831165284,73067,697,2,1,1
831412184,41807,695,1,0,0
831686216,80890,659,0,0,0
831859970,44019,657,0,0,0
831996000,10736,597,1,0,0
832660588,71363,849,0,0,0
832874403,36651,672,0,0,0
832991598,30414,801,0,0,0
833017485,44886,583,1,1,1
833525523,51900,868,0,0,0
833616893,97204,774,3,0,0
833720850,95224,710,0,0,0
833761736,13578,830,1,0,0
834045875,93963,708,1,0,0
835218903,20611,812,0,0,0
835942337,81995,554,3,0,0
836647247,32403,545,1,0,0
836686130,77267,833,2,0,0
837015386,81007,632,0,0,0
837057220,63541,595,0,0,0
837297098,36896,631,2,0,0
837499664,71972,760,0,0,0
837803757,55335,600,0,0,0
838169994,17278,707,1,1,1
838184180,90134,576,0,0,0
838560992,36149,586,0,0,0
839781261,15495,574,0,0,0
839949007,24930,643,0,0,0
839996444,71311,597,0,0,0
840368438,14332,384,4,2,3
840623739,26221,622,0,0,0
840699283,61497,717,2,0,0
841156345,42665,694,0,0,0
841445784,53599,755,1,0,0
841540626,73925,669,2,0,0
841653149,57598,746,0,0,0
841784841,74567,859,1,0,0
842659057,28928,570,0,0,0
842693309,68000,684,1,1,1
842900807,36290,637,0,0,0
844166945,39278,809,0,0,0
844913413,31494,670,0,0,0
844936774,94019,697,0,0,0
845006179,73253,532,2,0,0
845011140,35992,705,1,0,0
845365256,51073,769,0,0,0
845809780,27882,747,1,0,0
845913454,46944,785,1,0,0
846507485,40188,825,0,0,0
846571198,88263,766,0,0,0
846678802,47868,690,2,0,0
846926922,37450,659,0,0,0
847119068,97796,776,0,0,0
848114225,15985,752,0,0,0
848145164,26367,769,1,0,0
848808059,90005,521,2,1,1
848880900,74577,781,0,0,0
848901717,46234,307,2,1,3
849290856,18178,742,1,0,0
849586225,40443,821,0,0,0
849656923,72834,620,0,0,0
850841688,24792,457,4,2,1
851270048,21949,620,3,0,0
851395162,24561,566,0,0,0
851497010,25704,604,0,0,0
852083806,84320,586,0,0,0
852150154,10899,668,2,0,0
852463201,47350,848,0,0,0
852625093,54617,668,0,0,0
852631253,40592,777,0,0,0
852639100,11349,676,0,0,0
852844016,89824,509,3,2,1
852869701,55910,565,0,0,0
852925768,11725,650,0,0,0
852961767,22437,664,4,0,0
853188297,79512,556,0,0,0
853191189,12811,603,0,0,0
853289404,80837,739,0,0,0
853391316,80622,839,0,0,0
853485852,28162,846,3,0,0
854000405,34311,564,1,0,0
854035931,47005,747,0,0,0
854611106,43605,893,0,0,0
854670075,55818,657,1,0,0
854939050,20386,625,1,0,0
855030959,98680,604,1,0,0
855437545,64676,688,1,0,0
855927240,15097,615,0,0,0
856037183,20383,598,0,0,0
856098162,58840,779,0,0,0
856393137,94033,710,1,1,1
856899594,93262,512,3,1,1
856971808,66606,461,1,1,1
857401902,25414,672,0,0,0
857540918,54028,330,1,1,3
857627770,70357,667,0,0,0
857768052,34387,803,0,0,0
857796261,12734,771,3,0,0
857967307,62324,563,0,0,0
858072515,68977,578,1,0,0
858336837,80295,559,0,0,0
858391656,46740,651,0,0,0
858728812,27043,519,5,1,1
858811274,79943,654,1,0,0
859166706,36557,659,1,2,1
859601562,47424,734,0,0,0
859826309,29514,586,0,0,0
860281184,33323,855,0,0,0
860486405,49809,893,0,0,0
860592444,94988,842,3,0,0
861000082,41525,855,0,0,0
861116034,86459,674,1,0,0
861388263,49799,768,2,0,0
861493638,25010,763,5,0,0
861556806,14069,537,2,1,2
861660038,60841,635,1,0,0
861942318,80879,723,1,1,1
862655759,90647,611,0,0,0
863519092,62714,861,0,0,0
863584528,80080,443,4,1,1
863591735,63670,640,0,0,0
863613250,53664,817,0,0,0
863807485,34341,834,1,0,0
863828746,77921,796,0,0,0
864495342,96162,682,3,0,0
864636866,20102,701,0,0,0
864791634,81968,808,1,0,0
864837540,70639,719,2,0,0
865382359,39523,669,0,0,0
865534790,76417,742,0,0,0
865771644,29564,868,0,0,0
865825691,81958,622,2,0,0
866300837,33792,757,2,0,0
866534209,98414,796,0,0,0
866563140,28996,648,0,0,0
866628670,89242,608,1,0,0
867050122,62308,575,3,0,0
867927284,70620,667,2,0,0
868467884,64035,779,0,0,0
868579043,97904,630,2,0,0
868627337,47560,709,0,0,0
868769265,24558,663,0,0,0
869216718,54312,599,0,0,0
869482988,14782,613,1,2,1
869530718,18445,830,2,0,0
869721687,56749,620,2,1,1
869882098,80381,798,0,0,0
870308840,22395,667,1,1,1
870355012,72584,736,0,0,0
870399458,56549,838,2,0,0
870510275,82793,753,0,0,0
870983226,87637,817,1,0,0
871335933,20620,554,2,0,0
871791857,70784,551,3,0,0
871983543,45288,636,2,1,1
872276391,92986,705,3,0,0
872362129,68103,700,1,0,0
872444304,13865,786,2,0,0
872499648,10115,806,2,0,0
872499699,11754,727,0,0,0
872785085,85679,830,0,0,0
873239391,81426,575,0,0,0
873742825,22167,464,5,2,1
874018524,19470,730,1,0,0
874111069,52218,651,0,0,0
874153853,56741,637,1,0,0
874645828,62382,540,2,0,0
874789914,55884,713,0,0,0
874806581,91978,568,2,0,0
874928991,96330,608,2,1,1
875139120,21875,570,1,0,0
875540774,45565,754,1,0,0
875619619,64086,772,1,0,0
875657894,82083,661,0,0,0
875703475,27206,803,2,0,0
877090378,22110,790,0,0,0
877870341,67603,858,1,0,0
877901406,53271,650,0,0,0
877936431,78757,678,1,0,0
878169020,91407,857,0,0,0
878215190,74804,575,0,0,0
878404101,73031,893,0,0,0
878434864,24097,834,2,0,0
878703704,30344,642,1,1,1
878820878,77326,545,1,1,1
878897325,30185,758,1,0,0
879215450,56340,603,2,0,0
880337671,84022,586,0,0,0
881082463,64228,599,1,1,1
881692924,25815,664,0,0,0
881784365,41874,587,1,0,0
881855798,45598,618,0,0,0
881996441,18556,732,1,1,1
882078446,60417,691,0,0,0
882393078,65154,590,0,0,0
882624178,35484,736,5,0,0
882753627,29201,659,0,0,0
882866054,46248,630,5,0,0
883423660,69280,655,0,0,0
883630748,21752,505,1,3,1
883837963,62932,562,0,0,0
884122225,72972,872,1,0,0
884448385,86894,705,1,0,0
884495365,58287,586,0,0,0
884501973,60420,610,5,0,0
884634265,39919,869,0,0,0
884699525,94250,724,0,0,0
884913837,96662,580,2,0,0
884919526,41529,569,3,0,0
884986109,99097,603,0,0,0
885011963,73029,716,4,0,0
885523543,79530,774,1,0,0
886066099,85294,743,0,0,0
886232385,50183,797,0,0,0
886271662,14122,806,3,0,0
886484987,65377,785,1,0,0
886548671,67692,454,2,3,1
886678105,71785,379,1,1,3
886787993,36323,698,1,0,0
887166855,60834,536,5,1,1
887215434,29491,587,2,0,0
887382963,95048,743,0,0,0
887553663,55706,691,1,0,0
887556284,90394,711,0,0,0
887621316,55534,556,0,0,0
888214868,67492,610,0,0,0
888255797,91527,873,1,0,0
888573276,85773,764,0,0,0
888614768,53062,887,1,0,0
888674855,62757,677,0,0,0
888730170,83690,857,0,0,0
888770886,12891,748,0,0,0
888880395,75205,696,0,0,0
889473689,77033,485,3,1,1
889555600,60675,783,1,0,0
890040968,22968,799,3,0,0
890409780,98268,788,1,0,0
890460659,56975,604,0,0,0
890463636,47755,724,2,0,0
891074999,19011,661,3,1,1
891316075,94163,683,0,0,0
891368097,73418,619,5,0,0
891804735,43432,629,3,0,0
892030259,30291,670,0,0,0
892049421,34331,447,4,3,1
892445227,46573,781,2,0,0
892951335,52545,543,1,1,1
893008580,30726,308,1,1,3
893163638,45559,845,0,0,0
893493618,91288,893,0,0,0
893699971,35548,740,3,0,0
893801638,98687,773,0,0,0
894007890,49939,629,2,0,0
894429521,69073,708,0,0,0
894611893,80146,652,0,0,0
894886741,78338,411,1,2,1
895695611,66125,862,0,0,0
896212363,20544,623,0,0,0
896310987,37627,826,0,0,0
896394713,38564,565,0,0,0
896487124,19880,793,0,0,0
896498257,53427,639,0,0,0
897074926,42930,587,0,0,0
897319110,94699,723,1,0,0
897558376,25888,893,0,0,0
897829519,22159,601,0,0,0
897940113,40247,717,0,0,0
898111359,86138,622,1,2,1
898434576,63151,832,0,0,0
898440401,88470,829,0,0,0
899472085,16115,584,4,0,0
899757424,98293,883,0,0,0
900297267,18468,418,1,1,1
901709332,22391,669,1,0,0
901781456,41377,619,1,1,2
901968300,45380,593,0,0,0
902096317,82534,551,3,0,0
902183566,47169,807,1,0,0
902250559,58640,576,0,0,0
902253879,68368,858,0,0,0
902663150,95857,592,1,1,1
902692518,36295,454,1,2,1
902768269,60141,723,1,0,0
902918258,53972,551,1,0,0
902938410,53679,609,0,0,0
902997070,70053,705,1,0,0
903003833,35538,830,2,0,0
903170466,64013,668,0,0,0
903453848,54740,591,2,0,0
903527762,89215,671,4,0,0
903550074,53016,875,1,0,0
903597822,36817,577,1,1,2
903667200,52407,596,0,0,0
903672416,45670,530,2,1,2
904687609,78135,662,2,0,0
906257070,92222,624,1,1,1
906310959,22165,840,1,0,0
907563742,29818,585,2,0,0
907812796,37294,810,0,0,0
908050543,40147,401,3,1,2
908332759,99591,769,0,0,0
908356357,55707,770,0,0,0
908407065,48739,729,4,0,0
908800827,25226,840,0,0,0
909176157,91159,806,0,0,0
909651685,89058,601,5,0,0
909772107,92209,571,0,0,0
909884387,59442,637,0,0,0
910100943,49851,859,2,0,0
910318529,25025,757,2,0,0
911062099,11284,653,0,0,0
911128102,74884,595,0,0,0
911723808,83822,890,0,0,0
911776443,26698,734,0,0,0
912340506,87355,647,3,0,0
912810753,65160,883,0,0,0
912898134,60732,817,0,0,0
913132977,94968,677,3,0,0
913296127,22183,826,0,0,0
913582804,42257,724,0,0,0
913901840,86829,542,1,1,1
913906905,31959,853,4,0,0
914017779,94389,629,0,0,0
914405086,33878,697,0,0,0
914536622,27300,616,0,0,0
914828794,46736,856,1,0,0
914948084,37470,564,0,0,0
915603314,26580,415,4,1,1
915645916,29510,676,0,0,0
915750328,75029,603,0,0,0
916269937,54535,659,1,0,0
916776597,87510,816,3,0,0
916976254,71840,811,1,0,0
916976540,65425,582,2,0,0
917090550,50245,474,1,1,1
917243032,42630,631,0,0,0
917275330,99584,477,1,2,1
917826810,63195,591,0,0,0
918212670,70399,819,1,0,0
918288065,49420,563,0,0,0
918470008,51607,624,1,1,1
918671490,91597,878,0,0,0
918802263,24565,627,5,1,1
918826135,59767,626,0,0,0
920344693,80096,780,0,0,0
920662585,74506,591,0,0,0
920718026,86232,679,0,0,0
920900007,98215,737,1,0,0
920902837,15601,676,0,0,0
921070912,10710,597,1,0,0
921734422,87197,652,1,0,0
921921229,91756,857,0,0,0
922774186,59014,885,0,0,0
922916021,38059,568,1,0,0
923108718,40165,871,0,0,0
923283534,80393,521,4,0,0
923507673,65300,647,0,0,0
923773081,18935,627,2,0,0
923919298,82348,681,0,0,0
924084019,63039,756,0,0,0
924105557,88294,805,4,0,0
924144134,10654,852,1,0,0
924674459,79830,777,1,0,0
924703340,84225,760,2,0,0
924796047,12002,606,1,0,0
924979041,52818,858,2,0,0
925575893,55461,893,0,0,0
925816170,21336,549,1,0,0
926039545,30903,676,0,0,0
926378151,62455,696,1,0,0
927448739,50814,825,0,0,0
927807381,54531,878,0,0,0
928183941,18836,733,5,0,0
928798702,70150,564,4,1,1
928995912,96510,702,3,1,1
929013500,23249,782,0,0,0
929315180,11799,597,0,0,0
929517025,75616,606,0,0,0
929606396,10836,694,0,0,0
929782547,37256,804,0,0,0
930222757,12443,701,0,0,0
930376383,57925,742,0,0,0
931081392,23920,784,2,0,0
931378802,16497,561,0,0,0
931475534,43583,679,0,0,0
931731989,90326,660,0,0,0
931833119,12326,795,3,0,0
933062048,22538,770,3,0,0
933086257,79847,568,0,0,0
933482592,56114,739,0,0,0
934093023,94312,614,1,0,0
934782082,26416,696,1,0,0
934864690,56205,560,0,0,0
935280224,96213,672,1,0,0
935286706,27415,413,5,1,1
936419602,43246,420,2,1,1
936501161,33927,828,0,0,0
936737963,85549,421,2,2,1
936748137,56140,768,0,0,0
936911378,49077,775,0,0,0
937354603,92737,793,0,0,0
937366150,68157,823,0,0,0
937473224,67939,602,0,0,0
937904428,76534,657,2,0,0
938357777,69342,828,1,0,0
938376623,93258,893,0,0,0
938648562,91906,599,4,0,0
938811694,21423,872,2,0,0
939841271,64914,593,2,1,1
940184101,77041,833,4,0,0
940510013,90482,785,0,0,0
940571804,24573,594,0,0,0
940691843,63797,633,0,0,0
941263525,63041,776,0,0,0
941925794,44992,893,0,0,0
942443401,42634,804,1,0,0
942535089,12770,779,0,0,0
942737264,92404,730,0,0,0
943586267,33194,592,0,0,0
944615889,99686,801,0,0,0
944727336,82102,568,0,0,0
945122574,60066,839,1,0,0
945252065,71241,584,0,0,0
945633771,15500,702,0,0,0
945978919,71287,871,0,0,0
945993311,16945,720,0,0,0
946093936,97917,762,2,0,0
946395849,46412,739,0,0,0
946592509,33478,559,0,0,0
946764467,49738,646,4,0,0
946986483,73654,849,0,0,0
947657005,41528,671,0,0,0
947815498,94520,842,0,0,0
949024436,99977,577,2,0,0
949096963,70609,593,1,0,0
949287323,19917,691,3,1,1
949606424,84322,424,1,1,1
949753671,74526,794,0,0,0
949959473,67806,697,0,0,0
950010033,18839,778,1,0,0
950316159,42452,687,5,0,0
950524827,77563,804,2,0,0
950533453,88621,736,4,0,0
950986570,76855,677,0,0,0
951203612,84175,839,3,0,0
951417830,94658,619,2,0,0
951791163,40818,717,0,0,0
951867666,63179,881,0,0,0
952363279,35606,665,3,0,0
952901401,85228,609,1,0,0
952955817,68601,660,0,0,0
953375667,75935,816,0,0,0
953427655,38076,683,2,0,0
954060156,88875,760,2,0,0
954320138,44930,745,1,0,0
954687038,70379,809,0,0,0
954764890,97377,566,0,0,0
954787413,22217,831,0,0,0
955073341,18753,631,0,0,0
955282109,45296,712,0,0,0
955289282,67284,760,1,0,0
955323483,95351,764,2,0,0
955887177,19529,741,0,0,0
956308187,94210,670,0,0,0
956379513,59868,801,0,0,0
956620209,40246,628,1,0,0
957167860,76839,857,0,0,0
957247767,22870,623,1,0,0
957900800,58984,604,0,0,0
958287816,31146,648,0,0,0
958708173,70605,863,1,0,0
959266879,90320,664,0,0,0
959691522,20198,870,0,0,0
960042805,63966,741,1,0,0
960058512,19386,553,2,0,0
960297333,70592,508,1,1,3
960344236,20142,827,0,0,0
960806600,35050,441,1,1,1
960827362,75354,702,0,0,0
960865323,43760,846,2,0,0
961010817,25090,698,1,1,1
961079142,17288,610,0,0,0
961434823,68587,801,0,0,0
962546159,54412,844,3,0,0
962594365,57495,732,1,0,0
962844724,76103,561,1,0,0
963064496,81328,649,0,0,0
963180539,59979,851,0,0,0
963191541,58527,595,0,0,0
963366164,96446,639,0,0,0
963763702,33946,633,1,0,0
963966086,36666,668,0,0,0
964206538,62412,639,0,0,0
964323725,52867,568,0,0,0
966558239,84929,773,1,0,0
967062792,47358,769,1,0,0
967145420,95838,711,0,0,0
967424455,65583,851,1,0,0
967607572,56860,728,0,0,0
967689044,72850,739,1,0,0
967714349,42618,409,2,1,1
968110328,75619,578,1,0,0
968250449,96503,865,0,0,0
968660171,23465,734,0,0,0
968712405,82041,856,1,0,0
968881893,59042,822,1,0,0
969309068,77529,850,2,0,0
969588904,88747,556,0,0,0
969758292,86969,768,0,0,0
971131335,51267,838,1,0,0
971452901,20871,785,0,0,0
971720109,58854,555,0,0,0
972915242,29795,547,2,0,0
973103781,44147,683,0,0,0
973719508,23462,548,2,1,1
973899403,50931,666,3,0,0
973950853,21109,876,1,0,0
974159983,57596,621,3,1,1
974431415,42769,525,3,0,0
974725222,53788,757,0,0,0
975187286,36811,307,1,4,1
975525070,40578,762,3,0,0
976127691,13401,756,1,0,0
976252106,26021,742,1,0,0
976426746,53762,750,2,0,0
976618286,85033,550,1,0,0
976757977,44512,580,2,0,0
976871098,50940,741,1,0,0
977127201,18098,819,0,0,0
977968617,70499,640,1,2,1
978123845,54632,628,1,0,0
979212582,50234,536,4,0,0
979450669,47563,633,0,0,0
979481522,20320,624,3,0,0
979508694,78229,804,1,0,0
979669178,95732,659,0,0,0
980107085,50752,877,0,0,0
980641143,89260,554,0,0,0
980683869,16326,706,0,0,0
980691637,79755,811,0,0,0
980725841,25883,673,4,0,0
980739801,65442,602,1,0,0
980891841,18869,563,2,0,0
981155110,70538,669,0,0,0
981301611,40757,574,1,0,0
981336211,29046,738,1,0,0
981734487,97394,729,0,0,0
981810062,13416,535,3,0,0
981835992,70513,610,0,0,0
982068525,15339,666,0,0,0
982218235,96590,777,2,0,0
982285227,48032,844,0,0,0
982317063,86956,620,0,0,0
982471412,52207,713,0,0,0
982636390,19259,609,0,0,0
982822262,53935,620,0,0,0
983005893,13887,721,0,0,0
983059626,12161,729,4,0,0
983127176,86297,815,0,0,0
983584561,63855,838,1,0,0
983782106,88576,831,0,0,0
983835446,71024,678,1,0,0
983857615,59860,625,0,0,0
984562373,99663,563,3,0,0
984601089,39932,307,5,1,3
984748745,28549,813,1,0,0
984869878,16520,839,0,0,0
985669405,22613,642,1,1,1
986359908,13945,459,4,1,1
986995549,31097,692,3,0,0
987062402,33311,743,0,0,0
987520499,42975,835,0,0,0
987616527,69368,525,3,0,0
987902868,40278,860,0,0,0
988334618,35559,667,0,0,0
988442256,63383,589,1,0,0
988479075,65652,739,5,0,0
988930555,26249,701,0,0,0
989088967,81669,701,0,0,0
989247918,27380,401,1,1,3
989362403,26174,861,0,0,0
989750539,94077,673,1,0,0
990265873,21850,598,0,0,0
990644617,23968,748,1,0,0
990704167,80952,780,3,0,0
990885072,45906,804,0,0,0
991126663,25133,700,0,0,0
991284744,31785,595,2,0,0
991293370,64795,698,1,0,0
991473332,59343,732,0,0,0
991976484,73635,675,1,2,1
992049596,46103,670,0,0,0
992277219,36301,837,1,0,0
992418575,47751,792,2,0,0
992857070,58243,415,1,5,1
992884185,86797,610,2,0,0
993170588,24780,798,0,0,0
993384224,81609,818,0,0,0
993811209,75355,652,1,1,1
994181143,29554,793,3,0,0
994371534,63025,879,1,0,0
994612653,63003,603,0,0,0
995123396,30383,601,0,0,0
995145039,68651,610,0,0,0
995468544,97652,845,1,0,0
995581045,32009,576,0,0,0
995731077,77807,609,4,0,0
995818070,84485,861,0,0,0
995880771,77819,633,1,0,0
995909808,42215,717,1,0,0
996166006,49760,535,3,0,0
997501866,59631,754,1,0,0
997961477,91246,846,0,0,0
998103454,42449,683,3,0,0
999036628,63515,766,0,0,0
999092731,42294,734,0,0,0
999839778,33406,847,2,0,0
999952737,23543,804,0,0,0
999978522,42283,788,0,0,0
